Código;Grupo/Família (Abrev.);Nome do produto;Unidade;Preco_Unit;Cobre_kg;Aluminio_kg;PVC_kg;Skin_kg;Embalagem_kg;Peso_Total_kg
F155;CABO ELETRICO AUTOFLEX;CABO ELETRICO FLEXIVEL 1,0MM VERDE AUTOFLEX* 100M;RL;0.0;0.0;0.0;0.0;0.0;0.0;0.0
F156;CABO ELETRICO AUTOFLEX;CABO ELETRICO FLEXIVEL 1,0MM BRANCO AUTOFLEX* 100M;RL;0.0;0.0;0.0;0.0;0.0;0.0;0.0
F157;CABO ELETRICO AUTOFLEX;CABO ELETRICO FLEXIVEL 1,0MM MARROM AUTOFLEX* 100M;RL;0.0;0.0;0.0;0.0;0.0;0.0;0.0
F160;CABO ELETRICO AUTOFLEX;CABO ELETRICO FLEXIVEL 1,0MM CINZA AUTOFLEX* 100M;RL;0.0;0.0;0.0;0.0;0.0;0.0;0.0
F105;CABO ELETRICO AUTOFLEX;CABO ELETRICO FLEXIVEL 1,5MM AMARELO AUTOFLEX* 100M;RL;1.18664e+16;1228.0;0.0;9.0;0.0;0.0;21413.0
F106;CABO ELETRICO AUTOFLEX;CABO ELETRICO FLEXIVEL 1,5MM AZUL AUTOFLEX* 100M;RL;1.18664e+16;1228.0;0.0;9.0;0.0;0.0;21413.0
F103B;CABO ELETRICO AUTOFLEX;CABO ELETRICO FLEXIVEL 1,5MM PRETO AUTOFLEX* METRO (BOBINA);M;118664.0;12.280000000000001;0.0;0.09;0.0;0.0;214.13
F104B;CABO ELETRICO AUTOFLEX;CABO ELETRICO FLEXIVEL 1,5MM VERMELHO AUTOFLEX* METRO (BOBINA);M;118664.0;12.280000000000001;0.0;0.09;0.0;0.0;214.13
F105B;CABO ELETRICO AUTOFLEX;CABO ELETRICO FLEXIVEL 1,5MM AMARELO AUTOFLEX* METRO (BOBINA);M;118664.0;12.280000000000001;0.0;0.09;0.0;0.0;214.13
F106B;CABO ELETRICO AUTOFLEX;CABO ELETRICO FLEXIVEL 1,5MM AZUL AUTOFLEX* METRO [BOBINA];M;118664.0;12.280000000000001;0.0;0.09;0.0;0.0;214.13
F107B;CABO ELETRICO AUTOFLEX;CABO ELETRICO FLEXIVEL 1,5MM VERDE AUTOFLEX* METRO [BOBINA];M;118664.0;12.280000000000001;0.0;0.09;0.0;0.0;214.13
F139;CABO ELETRICO AUTOFLEX;CABO ELETRICO FLEXIVEL 1,5MM CINZA AUTOFLEX* 100M;RL;1.18664e+16;1228.0;0.0;9.0;0.0;0.0;21413.0
F128;CABO ELETRICO AUTOFLEX;CABO ELETRICO FLEXIVEL 10,0MM VERMELHO AUTOFLEX* 100M;RL;0.0;0.0;0.0;0.0;0.0;0.0;0.0
F127;CABO ELETRICO AUTOFLEX;CABO ELETRICO FLEXIVEL 10,0MM PRETO AUTOFLEX* 100M;RL;0.0;0.0;0.0;0.0;0.0;0.0;0.0
F129B;CABO ELETRICO AUTOFLEX;CABO ELETRICO FLEXIVEL 10,0MM AMARELO AUTOFLEX* METRO [BOBINA];M;0.0;0.0;0.0;0.0;0.0;0.0;0.0
F130B;CABO ELETRICO AUTOFLEX;CABO ELETRICO FLEXIVEL 10,0MM AZUL AUTOFLEX* METRO [BOBINA];M;0.0;0.0;0.0;0.0;0.0;0.0;0.0
F131B;CABO ELETRICO AUTOFLEX;CABO ELETRICO FLEXIVEL 10,0MM VERDE AUTOFLEX* METRO [BOBINA];M;0.0;0.0;0.0;0.0;0.0;0.0;0.0
F132B;CABO ELETRICO AUTOFLEX;CABO ELETRICO FLEXIVEL 10,0MM BRANCO AUTOFLEX* METRO [BOBINA];M;0.0;0.0;0.0;0.0;0.0;0.0;0.0
F146B;CABO ELETRICO AUTOFLEX;CABO ELETRICO FLEXIVEL 16,0MM PRETO AUTOFLEX* METRO [BOBINA];M;0.0;0.0;0.0;0.0;0.0;0.0;0.0
F147;CABO ELETRICO AUTOFLEX;CABO ELETRICO FLEXIVEL 16,0MM AZUL AUTOFLEX* 100M;RL;0.0;0.0;0.0;0.0;0.0;0.0;0.0
F147B;CABO ELETRICO AUTOFLEX;CABO ELETRICO FLEXIVEL 16,0MM AZUL AUTOFLEX* METRO [BOBINA];M;0.0;0.0;0.0;0.0;0.0;0.0;0.0
F149;CABO ELETRICO AUTOFLEX;CABO ELETRICO FLEXIVEL 16,0MM VERMELHO AUTOFLEX* 100M;RL;0.0;0.0;0.0;0.0;0.0;0.0;0.0
F149B;CABO ELETRICO AUTOFLEX;CABO ELETRICO FLEXIVEL 16,0MM VERMELHO AUTOFLEX* METRO [BOBINA];M;0.0;0.0;0.0;0.0;0.0;0.0;0.0
F179B;CABO ELETRICO AUTOFLEX;CABO ELETRICO FLEXIVEL 16,0MM VERDE AUTOFLEX* METRO [BOBINA];M;0.0;0.0;0.0;0.0;0.0;0.0;0.0
F113;CABO ELETRICO AUTOFLEX;CABO ELETRICO FLEXIVEL 2,5MM VERDE AUTOFLEX* 100M;RL;1846.0;2.0;0.0;1.0;0.0;0.0;30133.0
F114;CABO ELETRICO AUTOFLEX;CABO ELETRICO FLEXIVEL 2,5MM BRANCO AUTOFLEX* 100M;RL;1846.0;2.0;0.0;1.0;0.0;0.0;30133.0
F109B;CABO ELETRICO AUTOFLEX;CABO ELETRICO FLEXIVEL 2,5MM PRETO AUTOFLEX* METRO [BOBINA];M;1.846e+16;0.02;0.0;0.01;0.0;0.0;301.33
F110B;CABO ELETRICO AUTOFLEX;CABO ELETRICO FLEXIVEL 2,5MM VERMELHO AUTOFLEX* METRO [BOBINA];M;1.846e+16;0.02;0.0;0.01;0.0;0.0;301.33
F111B;CABO ELETRICO AUTOFLEX;CABO ELETRICO FLEXIVEL 2,5MM AMARELO AUTOFLEX* METRO [BOBINA];M;1.846e+16;0.02;0.0;0.01;0.0;0.0;301.33
F112B;CABO ELETRICO AUTOFLEX;CABO ELETRICO FLEXIVEL 2,5MM AZUL AUTOFLEX* METRO [BOBINA];M;1.846e+16;0.02;0.0;0.01;0.0;0.0;301.33
F140B;CABO ELETRICO AUTOFLEX;CABO ELETRICO FLEXIVEL 2,5MM CINZA AUTOFLEX* METRO [BOBINA];M;1.846e+16;0.02;0.0;0.01;0.0;0.0;301.33
F115;CABO ELETRICO AUTOFLEX;CABO ELETRICO FLEXIVEL 4,0MM PRETO AUTOFLEX* 100M;RL;0.0;0.0;0.0;0.0;0.0;0.0;0.0
F116;CABO ELETRICO AUTOFLEX;CABO ELETRICO FLEXIVEL 4,0MM VERMELHO AUTOFLEX* 100M;RL;0.0;0.0;0.0;0.0;0.0;0.0;0.0
F117;CABO ELETRICO AUTOFLEX;CABO ELETRICO FLEXIVEL 4,0MM AMARELO AUTOFLEX* 100M;RL;0.0;0.0;0.0;0.0;0.0;0.0;0.0
F118;CABO ELETRICO AUTOFLEX;CABO ELETRICO FLEXIVEL 4,0MM AZUL AUTOFLEX* 100M;RL;0.0;0.0;0.0;0.0;0.0;0.0;0.0
F119;CABO ELETRICO AUTOFLEX;CABO ELETRICO FLEXIVEL 4,0MM VERDE AUTOFLEX* 100M;RL;0.0;0.0;0.0;0.0;0.0;0.0;0.0
F120B;CABO ELETRICO AUTOFLEX;CABO ELETRICO FLEXIVEL 4,0MM BRANCO AUTOFLEX* METRO [BOBINA];M;0.0;0.0;0.0;0.0;0.0;0.0;0.0
F141;CABO ELETRICO AUTOFLEX;CABO ELETRICO FLEXIVEL 4,0MM CINZA AUTOFLEX* 100M;RL;0.0;0.0;0.0;0.0;0.0;0.0;0.0
F141B;CABO ELETRICO AUTOFLEX;CABO ELETRICO FLEXIVEL 4,0MM CINZA AUTOFLEX* METRO [BOBINA];M;0.0;0.0;0.0;0.0;0.0;0.0;0.0
F119B;CABO ELETRICO AUTOFLEX;CABO ELETRICO FLEXIVEL 4,0MM VERDE AUTOFLEX* METRO [BOBINA];M;0.0;0.0;0.0;0.0;0.0;0.0;0.0
F122;CABO ELETRICO AUTOFLEX;CABO ELETRICO FLEXIVEL 6,0MM VERMELHO AUTOFLEX* 100M;RL;0.0;0.0;0.0;0.0;0.0;0.0;0.0
F121;CABO ELETRICO AUTOFLEX;CABO ELETRICO FLEXIVEL 6,0MM PRETO AUTOFLEX* 100M;RL;0.0;0.0;0.0;0.0;0.0;0.0;0.0
F122B;CABO ELETRICO AUTOFLEX;CABO ELETRICO FLEXIVEL 6,0MM VERMELHO AUTOFLEX* METRO [BOBINA];M;0.0;0.0;0.0;0.0;0.0;0.0;0.0
F123B;CABO ELETRICO AUTOFLEX;CABO ELETRICO FLEXIVEL 6,0MM AMARELO AUTOFLEX* METRO [BOBINA];M;0.0;0.0;0.0;0.0;0.0;0.0;0.0
F124B;CABO ELETRICO AUTOFLEX;CABO ELETRICO FLEXIVEL 6,0MM AZUL AUTOFLEX* METRO [BOBINA];M;0.0;0.0;0.0;0.0;0.0;0.0;0.0
F125B;CABO ELETRICO AUTOFLEX;CABO ELETRICO FLEXIVEL 6,0MM VERDE AUTOFLEX* METRO [BOBINA];M;0.0;0.0;0.0;0.0;0.0;0.0;0.0
F126B;CABO ELETRICO AUTOFLEX;CABO ELETRICO FLEXIVEL 6,0MM BRANCO AUTOFLEX* METRO [BOBINA];M;0.0;0.0;0.0;0.0;0.0;0.0;0.0
F142;CABO ELETRICO AUTOFLEX;CABO ELETRICO FLEXIVEL 6,0MM CINZA AUTOFLEX* 100M;RL;0.0;0.0;0.0;0.0;0.0;0.0;0.0
PL008B;CABO ELETRICO AUTOFLEX;CORDAO PARALELO 2X2,5MM BRANCO AUTOFLEX* METRO (BOBINA);M;0.0;2.64;0.0;99.62;0.0;0.0;146.25
PL009;CABO ELETRICO AUTOFLEX;CORDAO PARALELO 2X4,0MM BRANCO AUTOFLEX* 100M;RL;5738.0;6.0;0.0;95.0;0.0;0.0;155.0
PL009B;CABO ELETRICO AUTOFLEX;CORDAO PARALELO 2X4,0MM BRANCO AUTOFLEX* METRO (BOBINA);M;5.737999999999999e+16;0.06;0.0;0.9500000000000001;0.0;0.0;1.55
F151;CABO ELETRICO AUTOFLEX;CABO ELETRICO FLEXIVEL 1,0MM PRETO AUTOFLEX* 100M;RL;0.0;0.0;0.0;0.0;0.0;0.0;0.0
F152;CABO ELETRICO AUTOFLEX;CABO ELETRICO FLEXIVEL 1,0MM VERMELHO AUTOFLEX* 100M;RL;0.0;0.0;0.0;0.0;0.0;0.0;0.0
F153;CABO ELETRICO AUTOFLEX;CABO ELETRICO FLEXIVEL 1,0MM AMARELO AUTOFLEX* 100M;RL;0.0;0.0;0.0;0.0;0.0;0.0;0.0
F154;CABO ELETRICO AUTOFLEX;CABO ELETRICO FLEXIVEL 1,0MM AZUL AUTOFLEX* 100M;RL;0.0;0.0;0.0;0.0;0.0;0.0;0.0
F107;CABO ELETRICO AUTOFLEX;CABO ELETRICO FLEXIVEL 1,5MM VERDE AUTOFLEX* 100M;RL;1.18664e+16;1228.0;0.0;9.0;0.0;0.0;21413.0
F108;CABO ELETRICO AUTOFLEX;CABO ELETRICO FLEXIVEL 1,5MM BRANCO AUTOFLEX* 100M;RL;1.18664e+16;1228.0;0.0;9.0;0.0;0.0;21413.0
F104;CABO ELETRICO AUTOFLEX;CABO ELETRICO FLEXIVEL 1,5MM VERMELHO AUTOFLEX* 100M;RL;1.18664e+16;1228.0;0.0;9.0;0.0;0.0;21413.0
F103;CABO ELETRICO AUTOFLEX;CABO ELETRICO FLEXIVEL 1,5MM PRETO AUTOFLEX* 100M;RL;1.18664e+16;1228.0;0.0;9.0;0.0;0.0;21413.0
F108B;CABO ELETRICO AUTOFLEX;CABO ELETRICO FLEXIVEL 1,5MM BRANCO AUTOFLEX* METRO [BOBINA];M;118664.0;12.280000000000001;0.0;0.09;0.0;0.0;214.13
F139B;CABO ELETRICO AUTOFLEX;CABO ELETRICO FLEXIVEL 1,5MM CINZA AUTOFLEX* METRO (BOBINA);M;118664.0;12.280000000000001;0.0;0.09;0.0;0.0;214.13
F130;CABO ELETRICO AUTOFLEX;CABO ELETRICO FLEXIVEL 10,0MM AZUL AUTOFLEX* 100M;RL;0.0;0.0;0.0;0.0;0.0;0.0;0.0
F131;CABO ELETRICO AUTOFLEX;CABO ELETRICO FLEXIVEL 10,0MM VERDE AUTOFLEX* 100M;RL;0.0;0.0;0.0;0.0;0.0;0.0;0.0
F132;CABO ELETRICO AUTOFLEX;CABO ELETRICO FLEXIVEL 10,0MM BRANCO AUTOFLEX* 100M;RL;0.0;0.0;0.0;0.0;0.0;0.0;0.0
F129;CABO ELETRICO AUTOFLEX;CABO ELETRICO FLEXIVEL 10,0MM AMARELO AUTOFLEX* 100M;RL;0.0;0.0;0.0;0.0;0.0;0.0;0.0
F128B;CABO ELETRICO AUTOFLEX;CABO ELETRICO FLEXIVEL 10,0MM VERMELHO AUTOFLEX* METRO [BOBINA];M;0.0;0.0;0.0;0.0;0.0;0.0;0.0
F127B;CABO ELETRICO AUTOFLEX;CABO ELETRICO FLEXIVEL 10,0MM PRETO AUTOFLEX* METRO [BOBINA];M;0.0;0.0;0.0;0.0;0.0;0.0;0.0
F143;CABO ELETRICO AUTOFLEX;CABO ELETRICO FLEXIVEL 10,0MM CINZA AUTOFLEX* 100M;RL;0.0;0.0;0.0;0.0;0.0;0.0;0.0
F143B;CABO ELETRICO AUTOFLEX;CABO ELETRICO FLEXIVEL 10,0MM CINZA AUTOFLEX* METRO [BOBINA];M;0.0;0.0;0.0;0.0;0.0;0.0;0.0
F146;CABO ELETRICO AUTOFLEX;CABO ELETRICO FLEXIVEL 16,0MM PRETO AUTOFLEX* 100M;RL;0.0;0.0;0.0;0.0;0.0;0.0;0.0
F179;CABO ELETRICO AUTOFLEX;CABO ELETRICO FLEXIVEL 16,0MM VERDE AUTOFLEX* 100M;RL;0.0;0.0;0.0;0.0;0.0;0.0;0.0
F110;CABO ELETRICO AUTOFLEX;CABO ELETRICO FLEXIVEL 2,5MM VERMELHO AUTOFLEX* 100M;RL;1846.0;2.0;0.0;1.0;0.0;0.0;30133.0
F109;CABO ELETRICO AUTOFLEX;CABO ELETRICO FLEXIVEL 2,5MM PRETO AUTOFLEX* 100M;RL;1846.0;2.0;0.0;1.0;0.0;0.0;30133.0
F111;CABO ELETRICO AUTOFLEX;CABO ELETRICO FLEXIVEL 2,5MM AMARELO AUTOFLEX* 100M;RL;1846.0;2.0;0.0;1.0;0.0;0.0;30133.0
F112;CABO ELETRICO AUTOFLEX;CABO ELETRICO FLEXIVEL 2,5MM AZUL AUTOFLEX* 100M;RL;1846.0;2.0;0.0;1.0;0.0;0.0;30133.0
F113B;CABO ELETRICO AUTOFLEX;CABO ELETRICO FLEXIVEL 2,5MM VERDE AUTOFLEX* METRO [BOBINA];M;1.846e+16;0.02;0.0;0.01;0.0;0.0;301.33
F114B;CABO ELETRICO AUTOFLEX;CABO ELETRICO FLEXIVEL 2,5MM BRANCO AUTOFLEX* METRO [BOBINA];M;1.846e+16;0.02;0.0;0.01;0.0;0.0;301.33
F133;CABO ELETRICO AUTOFLEX;CABO ELETRICO FLEXIVEL 2,5MM MARROM AUTOFLEX* 100M;RL;1846.0;2.0;0.0;1.0;0.0;0.0;30133.0
F133B;CABO ELETRICO AUTOFLEX;CABO ELETRICO FLEXIVEL 2 ,5MM MARROM AUTOFLEX* METRO (BOBINA);M;0.0;0.0;0.0;0.0;0.0;0.0;0.0
F140;CABO ELETRICO AUTOFLEX;CABO ELETRICO FLEXIVEL 2,5MM CINZA AUTOFLEX* 100M;RL;1846.0;2.0;0.0;1.0;0.0;0.0;30133.0
F120;CABO ELETRICO AUTOFLEX;CABO ELETRICO FLEXIVEL 4,0MM BRANCO AUTOFLEX* 100M;RL;0.0;0.0;0.0;0.0;0.0;0.0;0.0
F115B;CABO ELETRICO AUTOFLEX;CABO ELETRICO FLEXIVEL 4,0MM PRETO AUTOFLEX* METRO [BOBINA];M;0.0;0.0;0.0;0.0;0.0;0.0;0.0
F116B;CABO ELETRICO AUTOFLEX;CABO ELETRICO FLEXIVEL 4,0MM VERMELHO AUTOFLEX* METRO [BOBINA];M;0.0;0.0;0.0;0.0;0.0;0.0;0.0
F117B;CABO ELETRICO AUTOFLEX;CABO ELETRICO FLEXIVEL 4,0MM AMARELO AUTOFLEX* METRO (BOBINA];M;0.0;0.0;0.0;0.0;0.0;0.0;0.0
F118B;CABO ELETRICO AUTOFLEX;CABO ELETRICO FLEXIVEL 4,0MM AZUL AUTOFLEX* METRO [BOBINA];M;0.0;0.0;0.0;0.0;0.0;0.0;0.0
F123;CABO ELETRICO AUTOFLEX;CABO ELETRICO FLEXIVEL 6,0MM AMARELO AUTOFLEX* 100M;RL;0.0;0.0;0.0;0.0;0.0;0.0;0.0
F124;CABO ELETRICO AUTOFLEX;CABO ELETRICO FLEXIVEL 6,0MM AZUL AUTOFLEX* 100M;RL;0.0;0.0;0.0;0.0;0.0;0.0;0.0
F125;CABO ELETRICO AUTOFLEX;CABO ELETRICO FLEXIVEL 6,0MM VERDE AUTOFLEX* 100M;RL;0.0;0.0;0.0;0.0;0.0;0.0;0.0
F126;CABO ELETRICO AUTOFLEX;CABO ELETRICO FLEXIVEL 6,0MM BRANCO AUTOFLEX* 100M;RL;0.0;0.0;0.0;0.0;0.0;0.0;0.0
F121B;CABO ELETRICO AUTOFLEX;CABO ELETRICO FLEXIVEL 6,0MM PRETO AUTOFLEX* METRO [BOBINA];M;0.0;0.0;0.0;0.0;0.0;0.0;0.0
F142B;CABO ELETRICO AUTOFLEX;CABO ELETRICO FLEXIVEL 6,0MM CINZA AUTOFLEX* METRO [BOBINA];M;0.0;0.0;0.0;0.0;0.0;0.0;0.0
PL007;CABO ELETRICO AUTOFLEX;CORDAO PARALELO 2X1,5MM BRANCO AUTOFLEX* 100M;RL;0.0;154.0;0.0;846.0;0.0;0.0;11023.0
PL007B;CABO ELETRICO AUTOFLEX;CORDAO PARALELO 2X1,5MM BRANCO AUTOFLEX* METRO (BOBINA);M;0.0;1.54;0.0;8.46;0.0;0.0;110.23
PL029;CABO ELETRICO AUTOFLEX;CORDAO PARALELO 2X1,5MM MARROM AUTOFLEX* 100M;RL;0.0;154.0;0.0;846.0;0.0;0.0;11023.0
PL008;CABO ELETRICO AUTOFLEX;CORDAO PARALELO 2X2,5MM BRANCO AUTOFLEX* 100M;RL;0.0;264.0;0.0;9962.0;0.0;0.0;14625.0
MO001;CABO ELETRICO IMPERIUM (TERCEIROS);SERVIÇO DE INDUSTRIALIZAÇÃO (IMPERIUM);KG;0.0;0.0;0.0;0.0;0.0;0.0;0.0
2445;CABO ELETRICO IMPERIUM (TERCEIROS);CABO DE CONTROLE PP M PRETO 1KV IMPERIUM PRETO 2x1,0 MM;M;0.0;0.0;0.0;0.0;0.0;0.0;0.0
2446;CABO ELETRICO IMPERIUM (TERCEIROS);CABO DE CONTROLE PP M PRETO 1KV IMPERIUM PRETO 2x1,5 MM;M;0.0;1.54;0.0;8.46;0.0;0.0;110.23
2452;CABO ELETRICO IMPERIUM (TERCEIROS);CABO DE CONTROLE PP M PRETO 1KV IMPERIUM PRETO 2x16 MM;M;0.0;0.0;0.0;0.0;0.0;0.0;0.0
2453;CABO ELETRICO IMPERIUM (TERCEIROS);CABO DE CONTROLE PP M PRETO 1KV IMPERIUM PRETO 2x25 MM;M;0.0;0.0;0.0;0.0;0.0;0.0;0.0
2454;CABO ELETRICO IMPERIUM (TERCEIROS);CABO DE CONTROLE PP M PRETO 1KV IMPERIUM PRETO 3x1,0 MM;M;1.8642e+16;179999999999999.97;0.0;3.96;0.0;0.0;5.76
2455;CABO ELETRICO IMPERIUM (TERCEIROS);CABO DE CONTROLE PP M PRETO 1KV IMPERIUM PRETO 3x1,5 MM;M;3405.0;0.34;0.0;0.07;0.0;0.0;1.04
2456;CABO ELETRICO IMPERIUM (TERCEIROS);CABO DE CONTROLE PP M PRETO 1KV IMPERIUM PRETO 3x2,5 MM;M;0.0;3.96;0.0;12.77;0.0;0.0;227.53
2457;CABO ELETRICO IMPERIUM (TERCEIROS);CABO DE CONTROLE PP M PRETO 1KV IMPERIUM PRETO 3x4 MM;M;0.0;0.0;0.0;0.0;0.0;0.0;0.0
2462;CABO ELETRICO IMPERIUM (TERCEIROS);CABO DE CONTROLE PP M PRETO 1KV IMPERIUM PRETO 4x1,0 MM;M;0.0;0.0;0.0;0.0;0.0;0.0;0.0
2463;CABO ELETRICO IMPERIUM (TERCEIROS);CABO DE CONTROLE PP M PRETO 1KV IMPERIUM PRETO 4x1,5 MM;M;0.0;0.0;0.0;0.0;0.0;0.0;0.0
2464;CABO ELETRICO IMPERIUM (TERCEIROS);CABO DE CONTROLE PP M PRETO 1KV IMPERIUM PRETO 4x2,5 MM;M;0.0;0.0;0.0;0.0;0.0;0.0;0.0
2465;CABO ELETRICO IMPERIUM (TERCEIROS);CABO DE CONTROLE PP M PRETO 1KV IMPERIUM PRETO 4x4 MM;M;0.0;0.0;0.0;0.0;0.0;0.0;0.0
2466;CABO ELETRICO IMPERIUM (TERCEIROS);CABO DE CONTROLE PP M PRETO 1KV IMPERIUM PRETO 4x6 MM;M;0.0;0.0;0.0;0.0;0.0;0.0;0.0
2467;CABO ELETRICO IMPERIUM (TERCEIROS);CABO DE CONTROLE PP M PRETO 1KV IMPERIUM PRETO 4x10 MM;M;0.0;0.0;0.0;0.0;0.0;0.0;0.0
2472;CABO ELETRICO IMPERIUM (TERCEIROS);CABO DE CONTROLE PP M PRETO 1KV IMPERIUM PRETO 5x2,5 MM;M;0.0;0.0;0.0;0.0;0.0;0.0;0.0
2473;CABO ELETRICO IMPERIUM (TERCEIROS);CABO DE CONTROLE PP M PRETO 1KV IMPERIUM PRETO 6x1,0 MM;M;0.0;0.0;0.0;0.0;0.0;0.0;0.0
2474;CABO ELETRICO IMPERIUM (TERCEIROS);CABO DE CONTROLE PP M PRETO 1KV IMPERIUM PRETO 6x1,5 MM;M;0.0;0.0;0.0;0.0;0.0;0.0;0.0
2475;CABO ELETRICO IMPERIUM (TERCEIROS);CABO DE CONTROLE PP M PRETO 1KV IMPERIUM PRETO 6x2,5 MM;M;0.0;0.0;0.0;0.0;0.0;0.0;0.0
2476;CABO ELETRICO IMPERIUM (TERCEIROS);CABO DE CONTROLE PP M PRETO 1KV IMPERIUM PRETO 7x1,0 MM;M;0.0;0.0;0.0;0.0;0.0;0.0;0.0
2477;CABO ELETRICO IMPERIUM (TERCEIROS);CABO DE CONTROLE PP M PRETO 1KV IMPERIUM PRETO 7x1,5 MM;M;0.0;0.0;0.0;0.0;0.0;0.0;0.0
2523;CABO ELETRICO IMPERIUM (TERCEIROS);CABO DE CONTROLE PP M PRETO 1KV IMPERIUM PRETO 4x4 MM;M;0.0;0.0;0.0;0.0;0.0;0.0;0.0
2524;CABO ELETRICO IMPERIUM (TERCEIROS);CABO DE CONTROLE PP M PRETO 1KV IMPERIUM PRETO 4x6 MM;M;0.0;0.0;0.0;0.0;0.0;0.0;0.0
2525;CABO ELETRICO IMPERIUM (TERCEIROS);CABO DE CONTROLE PP M PRETO 1KV IMPERIUM PRETO 4x10 MM;M;0.0;0.0;0.0;0.0;0.0;0.0;0.0
2526;CABO ELETRICO IMPERIUM (TERCEIROS);CABO DE CONTROLE PP M PRETO 1KV IMPERIUM PRETO 4x16 MM;M;0.0;0.0;0.0;0.0;0.0;0.0;0.0
2527;CABO ELETRICO IMPERIUM (TERCEIROS);CABO DE CONTROLE PP M PRETO 1KV IMPERIUM PRETO 4x25 MM;M;0.0;0.0;0.0;0.0;0.0;0.0;0.0
2696;CABO ELETRICO IMPERIUM (TERCEIROS);CABO DE CONTROLE PP M PRETO 1KV IMPERIUM PRETO 2x1,0 MM;M;0.0;0.0;0.0;0.0;0.0;0.0;0.0
2701;CABO ELETRICO IMPERIUM (TERCEIROS);CABO DE CONTROLE PP M PRETO 1KV IMPERIUM PRETO 2x10 MM;M;0.0;0.0;0.0;0.0;0.0;0.0;0.0
2702;CABO ELETRICO IMPERIUM (TERCEIROS);CABO DE CONTROLE PP M PRETO 1KV IMPERIUM PRETO 2x16 MM;M;0.0;0.0;0.0;0.0;0.0;0.0;0.0
2703;CABO ELETRICO IMPERIUM (TERCEIROS);CABO DE CONTROLE PP M PRETO 1KV IMPERIUM PRETO 2x25 MM;M;0.0;0.0;0.0;0.0;0.0;0.0;0.0
2704;CABO ELETRICO IMPERIUM (TERCEIROS);CABO DE CONTROLE PP M PRETO 1KV IMPERIUM PRETO 3x1,0 MM;M;1.8642e+16;179999999999999.97;0.0;3.96;0.0;0.0;5.76
2705;CABO ELETRICO IMPERIUM (TERCEIROS);CABO DE CONTROLE PP M PRETO 1KV IMPERIUM PRETO 3x1,5 MM;M;3405.0;0.34;0.0;0.07;0.0;0.0;1.04
2706;CABO ELETRICO IMPERIUM (TERCEIROS);CABO DE CONTROLE PP M PRETO 1KV IMPERIUM PRETO 3x2,5 MM;M;0.0;3.96;0.0;12.77;0.0;0.0;227.53
2711;CABO ELETRICO IMPERIUM (TERCEIROS);CABO DE CONTROLE PP M PRETO 1KV IMPERIUM PRETO 3x25 MM;M;0.0;0.0;0.0;0.0;0.0;0.0;0.0
2712;CABO ELETRICO IMPERIUM (TERCEIROS);CABO DE CONTROLE PP M PRETO 1KV IMPERIUM PRETO 4x1,0 MM;M;0.0;0.0;0.0;0.0;0.0;0.0;0.0
2713;CABO ELETRICO IMPERIUM (TERCEIROS);CABO DE CONTROLE PP M PRETO 1KV IMPERIUM PRETO 4x1,5 MM;M;0.0;0.0;0.0;0.0;0.0;0.0;0.0
2714;CABO ELETRICO IMPERIUM (TERCEIROS);CABO DE CONTROLE PP M PRETO 1KV IMPERIUM PRETO 4x2,5 MM;M;0.0;0.0;0.0;0.0;0.0;0.0;0.0
2715;CABO ELETRICO IMPERIUM (TERCEIROS);CABO DE CONTROLE PP M PRETO 1KV IMPERIUM PRETO 4x4 MM;M;0.0;0.0;0.0;0.0;0.0;0.0;0.0
2716;CABO ELETRICO IMPERIUM (TERCEIROS);CABO DE CONTROLE PP M PRETO 1KV IMPERIUM PRETO 4x6 MM;M;0.0;0.0;0.0;0.0;0.0;0.0;0.0
2721;CABO ELETRICO IMPERIUM (TERCEIROS);CABO DE CONTROLE PP M PRETO 1KV IMPERIUM PRETO 5x1,5 MM;M;0.0;0.0;0.0;0.0;0.0;0.0;0.0
2722;CABO ELETRICO IMPERIUM (TERCEIROS);CABO DE CONTROLE PP M PRETO 1KV IMPERIUM PRETO 5x2,5 MM;M;0.0;0.0;0.0;0.0;0.0;0.0;0.0
2723;CABO ELETRICO IMPERIUM (TERCEIROS);CABO DE CONTROLE PP M PRETO 1KV IMPERIUM PRETO 6x1,0 MM;M;0.0;0.0;0.0;0.0;0.0;0.0;0.0
2724;CABO ELETRICO IMPERIUM (TERCEIROS);CABO DE CONTROLE PP M PRETO 1KV IMPERIUM PRETO 6x1,5 MM;M;0.0;0.0;0.0;0.0;0.0;0.0;0.0
2725;CABO ELETRICO IMPERIUM (TERCEIROS);CABO DE CONTROLE PP M PRETO 1KV IMPERIUM PRETO 6x2,5 MM;M;0.0;0.0;0.0;0.0;0.0;0.0;0.0
2726;CABO ELETRICO IMPERIUM (TERCEIROS);CABO DE CONTROLE PP M PRETO 1KV IMPERIUM PRETO 7x1,0 MM;M;0.0;0.0;0.0;0.0;0.0;0.0;0.0
2309;CABO ELETRICO IMPERIUM (TERCEIROS);CABO FLEX IMPERIUM 750V M 1,5MM AMARELO 1,5MM;M;118664.0;12.280000000000001;0.0;0.09;0.0;0.0;214.13
2310;CABO ELETRICO IMPERIUM (TERCEIROS);CABO FLEX IMPERIUM 750V M 1,5MM AZUL 1,5MM;M;118664.0;12.280000000000001;0.0;0.09;0.0;0.0;214.13
2311;CABO ELETRICO IMPERIUM (TERCEIROS);CABO FLEX IMPERIUM 750V M 1,5MM VERDE 1,5MM;M;118664.0;12.280000000000001;0.0;0.09;0.0;0.0;214.13
2312;CABO ELETRICO IMPERIUM (TERCEIROS);CABO FLEX IMPERIUM 750V M 1,5MM BRANCO 1,5MM;M;118664.0;12.280000000000001;0.0;0.09;0.0;0.0;214.13
2313;CABO ELETRICO IMPERIUM (TERCEIROS);CABO FLEX IMPERIUM 750V M 1,5MM CINZA 1,5MM;M;118664.0;12.280000000000001;0.0;0.09;0.0;0.0;214.13
2972;CABO ELETRICO IMPERIUM (TERCEIROS);CABO FLEX IMPERIUM 750V M 1,5MM CINZA 1,5MM;M;118664.0;12.280000000000001;0.0;0.09;0.0;0.0;214.13
3014;CABO ELETRICO IMPERIUM (TERCEIROS);CABO ELETRICO FLEX ATOX 2,5MM IMPERIUM 450/750V BRANCO 2,5MM;M;1.846e+16;0.02;0.0;0.01;0.0;0.0;301.33
2585;CABO ELETRICO IMPERIUM (TERCEIROS);CABO FLEX IMPERIUM 750V 25MM PRETO 25MM;M;1611169.0;1.77;0.0;7.7700000000000005;0.0;0.0;2548.33
2586;CABO ELETRICO IMPERIUM (TERCEIROS);CABO FLEX IMPERIUM 750V 25MM VERMELHO 25MM;M;1611169.0;1.77;0.0;7.7700000000000005;0.0;0.0;2548.33
2587;CABO ELETRICO IMPERIUM (TERCEIROS);CABO FLEX IMPERIUM 750V 25MM AMARELO 25MM;M;1611169.0;1.77;0.0;7.7700000000000005;0.0;0.0;2548.33
2588;CABO ELETRICO IMPERIUM (TERCEIROS);CABO FLEX IMPERIUM 750V 25MM AZUL 25MM;M;1611169.0;1.77;0.0;7.7700000000000005;0.0;0.0;2548.33
2589;CABO ELETRICO IMPERIUM (TERCEIROS);CABO FLEX IMPERIUM 750V 25MM VERDE 25MM;M;1611169.0;1.77;0.0;7.7700000000000005;0.0;0.0;2548.33
3018;CABO ELETRICO IMPERIUM (TERCEIROS);CABO ELETRICO FLEX ATOX IMPERIUM 450/750V VERDE 4,0MM;M;0.0;0.0;0.0;0.0;0.0;0.0;0.0
3019;CABO ELETRICO IMPERIUM (TERCEIROS);CABO ELETRICO FLEX ATOX IMPERIUM 450/750V BRANCO 4,0MM;M;0.0;0.0;0.0;0.0;0.0;0.0;0.0
2789;CABO ELETRICO IMPERIUM (TERCEIROS);CABO FLEX IMPERIUM 750V 50MM PRETO 50,0MM;M;2.9835500000000004e+16;3.35;0.0;0.39;0.0;0.0;4461.33
2790;CABO ELETRICO IMPERIUM (TERCEIROS);CABO FLEX IMPERIUM 750V 50MM VERMELHO 50,0MM;M;2.9835500000000004e+16;3.35;0.0;0.39;0.0;0.0;4461.33
2791;CABO ELETRICO IMPERIUM (TERCEIROS);CABO FLEX IMPERIUM 750V 50MM AMARELO 50,0MM;M;2.9835500000000004e+16;3.35;0.0;0.39;0.0;0.0;4461.33
2792;CABO ELETRICO IMPERIUM (TERCEIROS);CABO FLEX IMPERIUM 750V 50MM AZUL 50,0MM;M;2.9835500000000004e+16;3.35;0.0;0.39;0.0;0.0;4461.33
3002;CABO ELETRICO IMPERIUM (TERCEIROS);CABO ELETRICO FLEX ATOX IMPERIUM 450/750V BRANCO 6,0MM;M;0.0;0.0;0.0;0.0;0.0;0.0;0.0
2803;CABO ELETRICO IMPERIUM (TERCEIROS);CABO FLEX IMPERIUM 750V 95MM PRETO 95,0MM;M;59508.0;6.62;0.0;0.25;0.0;0.0;9121.33
2804;CABO ELETRICO IMPERIUM (TERCEIROS);CABO FLEX IMPERIUM 750V 95MM VERMELHO 95,0MM;M;59508.0;6.62;0.0;0.25;0.0;0.0;9121.33
2805;CABO ELETRICO IMPERIUM (TERCEIROS);CABO FLEX IMPERIUM 750V 95MM AMARELO 95,0MM;M;59508.0;6.62;0.0;0.25;0.0;0.0;9121.33
2806;CABO ELETRICO IMPERIUM (TERCEIROS);CABO FLEX IMPERIUM 750V 95MM AZUL 95,0MM;M;59508.0;6.62;0.0;0.25;0.0;0.0;9121.33
2807;CABO ELETRICO IMPERIUM (TERCEIROS);CABO FLEX IMPERIUM 750V 95MM VERDE 95,0MM;M;59508.0;6.62;0.0;0.25;0.0;0.0;9121.33
2850;CABO ELETRICO IMPERIUM (TERCEIROS);CABO ATOX HEPR FLEX 1KV 90° IMPERIUM BRANCO 1 X 10 MM;M;0.0;0.0;0.0;0.0;0.0;0.0;0.0
2851;CABO ELETRICO IMPERIUM (TERCEIROS);CABO ATOX HEPR FLEX 1KV 90° IMPERIUM MARROM 1 X 10 MM;M;0.0;0.0;0.0;0.0;0.0;0.0;0.0
2852;CABO ELETRICO IMPERIUM (TERCEIROS);CABO ATOX HEPR FLEX 1KV 90° 1 X 25 MM² IMPERIUM PRETO 1 X 25 MM;M;0.0;0.0;0.0;0.0;0.0;0.0;0.0
2853;CABO ELETRICO IMPERIUM (TERCEIROS);CABO ATOX HEPR FLEX 1KV 90° 1 X 25 MM² IMPERIUM VERMELHO 1 X 25 MM;M;0.0;0.0;0.0;0.0;0.0;0.0;0.0
2854;CABO ELETRICO IMPERIUM (TERCEIROS);CABO ATOX HEPR FLEX 1KV 90° 1 X 25 MM² IMPERIUM AMARELO 1 X 25 MM;M;0.0;0.0;0.0;0.0;0.0;0.0;0.0
2855;CABO ELETRICO IMPERIUM (TERCEIROS);CABO ATOX HEPR FLEX 1KV 90° 1 X 25 MM² IMPERIUM AZUL 1 X 25 MM;M;0.0;0.0;0.0;0.0;0.0;0.0;0.0
2860;CABO ELETRICO IMPERIUM (TERCEIROS);CABO ATOX HEPR FLEX 1KV 90° 1 X 50 MM² VERMELHO 1 X 50 MM;M;0.0;0.0;0.0;0.0;0.0;0.0;0.0
2861;CABO ELETRICO IMPERIUM (TERCEIROS);CABO ATOX HEPR FLEX 1KV 90° 1 X 50 MM² AMARELO 1 X 50 MM;M;0.0;0.0;0.0;0.0;0.0;0.0;0.0
2862;CABO ELETRICO IMPERIUM (TERCEIROS);CABO ATOX HEPR FLEX 1KV 90° 1 X 50 MM² AZUL 1 X 50 MM;M;0.0;0.0;0.0;0.0;0.0;0.0;0.0
2863;CABO ELETRICO IMPERIUM (TERCEIROS);CABO ATOX HEPR FLEX 1KV 90° 1 X 50 MM² VERDE 1 X 50 MM;M;0.0;0.0;0.0;0.0;0.0;0.0;0.0
2864;CABO ELETRICO IMPERIUM (TERCEIROS);CABO ATOX HEPR FLEX 1KV 90° 1 X 50 MM² BRANCO 1 X 50 MM;M;0.0;0.0;0.0;0.0;0.0;0.0;0.0
2865;CABO ELETRICO IMPERIUM (TERCEIROS);CABO ATOX HEPR FLEX 1KV 90° 1 X 50 MM² MARROM 1 X 50 MM;M;0.0;0.0;0.0;0.0;0.0;0.0;0.0
2870;CABO ELETRICO IMPERIUM (TERCEIROS);CABO ATOX HEPR FLEX 1KV 90° 1 X 70 MM² IMPERIUM VERDE 1 X 70 MM;M;0.0;0.0;0.0;0.0;0.0;0.0;0.0
2871;CABO ELETRICO IMPERIUM (TERCEIROS);CABO ATOX HEPR FLEX 1KV 90° 1 X 70 MM² IMPERIUM BRANCO 1 X 70 MM;M;0.0;0.0;0.0;0.0;0.0;0.0;0.0
2872;CABO ELETRICO IMPERIUM (TERCEIROS);CABO ATOX HEPR FLEX 1KV 90° 1 X 70 MM² IMPERIUM MARROM 1 X 70 MM;M;0.0;0.0;0.0;0.0;0.0;0.0;0.0
2880;CABO ELETRICO IMPERIUM (TERCEIROS);CABO ATOX HEPR IMPERIUM FLEX 1KV 90° 1 X 150 MM² PRETO 1 X 150 MM;M;0.0;0.0;0.0;0.0;0.0;0.0;0.0
2881;CABO ELETRICO IMPERIUM (TERCEIROS);CABO ATOX HEPR IMPERIUM FLEX 1KV 90° 1 X 150 MM² VERMELHO 1 X 150 MM;M;0.0;0.0;0.0;0.0;0.0;0.0;0.0
2882;CABO ELETRICO IMPERIUM (TERCEIROS);CABO ATOX HEPR IMPERIUM FLEX 1KV 90° 1 X 150 MM² AMARELO 1 X 150 MM;M;0.0;0.0;0.0;0.0;0.0;0.0;0.0
2895;CABO ELETRICO IMPERIUM (TERCEIROS);CABO ATOX HEPR FLEX 1KV 90° IMPERIUM VERMELHO 1 X 50 MM;M;0.0;0.0;0.0;0.0;0.0;0.0;0.0
2896;CABO ELETRICO IMPERIUM (TERCEIROS);CABO ATOX HEPR FLEX 1KV 90° IMPERIUM AMARELO 1 X 50 MM;M;0.0;0.0;0.0;0.0;0.0;0.0;0.0
2897;CABO ELETRICO IMPERIUM (TERCEIROS);CABO ATOX HEPR FLEX 1KV 90° IMPERIUM AZUL 1 X 50 MM;M;0.0;0.0;0.0;0.0;0.0;0.0;0.0
2898;CABO ELETRICO IMPERIUM (TERCEIROS);CABO ATOX HEPR FLEX 1KV 90° IMPERIUM BRANCO 1 X 50 MM;M;0.0;0.0;0.0;0.0;0.0;0.0;0.0
2899;CABO ELETRICO IMPERIUM (TERCEIROS);CABO ATOX HEPR FLEX 1KV 90° IMPERIUM MARROM 1 X 50 MM;M;0.0;0.0;0.0;0.0;0.0;0.0;0.0
2900;CABO ELETRICO IMPERIUM (TERCEIROS);CABO ATOX HEPR FLEX 1KV 90° IMPERIUM VERDE 1 X 50 MM;M;0.0;0.0;0.0;0.0;0.0;0.0;0.0
2905;CABO ELETRICO IMPERIUM (TERCEIROS);CABO ATOX HEPR FLEX 1KV 90° 1 X 16 MM² IMPERIUM VERDE 1 X 16 MM;M;0.0;0.0;0.0;0.0;0.0;0.0;0.0
2906;CABO ELETRICO IMPERIUM (TERCEIROS);CABO ATOX HEPR FLEX 1KV 90° 1 X 16 MM² IMPERIUM MARROM 1 X 16 MM;M;0.0;0.0;0.0;0.0;0.0;0.0;0.0
2907;CABO ELETRICO IMPERIUM (TERCEIROS);CABO ATOX HEPR FLEX 1KV 90° 1 X 16 MM² IMPERIUM BRANCO 1 X 16 MM;M;0.0;0.0;0.0;0.0;0.0;0.0;0.0
2923;CABO ELETRICO IMPERIUM (TERCEIROS);CABO ELETRICO FLEX HEPR 16,0MM ATOX PRETO 1 X 16 MM;M;0.0;0.0;0.0;0.0;0.0;0.0;0.0
2924;CABO ELETRICO IMPERIUM (TERCEIROS);CABO ELETRICO FLEX HEPR 16,0MM ATOX VERMELHO 1 X 16 MM;M;0.0;0.0;0.0;0.0;0.0;0.0;0.0
2925;CABO ELETRICO IMPERIUM (TERCEIROS);CABO ELETRICO FLEX HEPR 16,0MM ATOX AMARELO 1 X 16 MM;M;0.0;0.0;0.0;0.0;0.0;0.0;0.0
2939;CABO ELETRICO IMPERIUM (TERCEIROS);CABO ELET FLEX HEPR ATOX IMPERIUM 1KV 90º PRETO 1 X 70 MM;M;0.0;0.0;0.0;0.0;0.0;0.0;0.0
2940;CABO ELETRICO IMPERIUM (TERCEIROS);CABO ELET FLEX HEPR ATOX IMPERIUM 1KV 90º VERMELHO 1 X 70 MM;M;0.0;0.0;0.0;0.0;0.0;0.0;0.0
2941;CABO ELETRICO IMPERIUM (TERCEIROS);CABO ELET FLEX HEPR ATOX IMPERIUM 1KV 90º AMARELO 1 X 70 MM;M;0.0;0.0;0.0;0.0;0.0;0.0;0.0
2942;CABO ELETRICO IMPERIUM (TERCEIROS);CABO ELET FLEX HEPR ATOX IMPERIUM 1KV 90º AZUL 1 X 70 MM;M;0.0;0.0;0.0;0.0;0.0;0.0;0.0
2943;CABO ELETRICO IMPERIUM (TERCEIROS);CABO ELET FLEX HEPR ATOX IMPERIUM 1KV 90º VERDE 1 X 70 MM;M;0.0;0.0;0.0;0.0;0.0;0.0;0.0
2944;CABO ELETRICO IMPERIUM (TERCEIROS);CABO ELET FLEX HEPR ATOX IMPERIUM 1KV 90º BRANCO 1 X 70 MM;M;0.0;0.0;0.0;0.0;0.0;0.0;0.0
2949;CABO ELETRICO IMPERIUM (TERCEIROS);CABO ELET FLEX HEPR ATOX IMPERIUM 1KV 90º AZUL 1 X 10 MM;M;0.0;0.0;0.0;0.0;0.0;0.0;0.0
2950;CABO ELETRICO IMPERIUM (TERCEIROS);CABO ELET FLEX HEPR ATOX IMPERIUM 1KV 90º VERDE 1 X 10 MM;M;0.0;0.0;0.0;0.0;0.0;0.0;0.0
2951;CABO ELETRICO IMPERIUM (TERCEIROS);CABO ELET FLEX HEPR ATOX IMPERIUM 1KV 90º BRANCO 1 X 10 MM;M;0.0;0.0;0.0;0.0;0.0;0.0;0.0
2952;CABO ELETRICO IMPERIUM (TERCEIROS);CABO ELET FLEX HEPR ATOX IMPERIUM 1KV 90º MARROM 1 X 10 MM;M;0.0;0.0;0.0;0.0;0.0;0.0;0.0
2953;CABO ELETRICO IMPERIUM (TERCEIROS);CABO ELETRICO ATOX HEPR PRETO 1 X 25 MM;M;0.0;0.0;0.0;0.0;0.0;0.0;0.0
2954;CABO ELETRICO IMPERIUM (TERCEIROS);CABO ELETRICO ATOX HEPR VERMELHO 1 X 25 MM;M;0.0;0.0;0.0;0.0;0.0;0.0;0.0
2962;CABO ELETRICO IMPERIUM (TERCEIROS);CABO ATOX HEPR FLEX 1KV 90° IMPERIUM PRETO 1 X 70 MM;M;0.0;0.0;0.0;0.0;0.0;0.0;0.0
2963;CABO ELETRICO IMPERIUM (TERCEIROS);CABO ATOX HEPR FLEX 1KV 90° IMPERIUM VERMELHO 1 X 70 MM;M;0.0;0.0;0.0;0.0;0.0;0.0;0.0
2964;CABO ELETRICO IMPERIUM (TERCEIROS);CABO ATOX HEPR FLEX 1KV 90° IMPERIUM AMARELO 1 X 70 MM;M;0.0;0.0;0.0;0.0;0.0;0.0;0.0
2965;CABO ELETRICO IMPERIUM (TERCEIROS);CABO ATOX HEPR FLEX 1KV 90° IMPERIUM AZUL 1 X 70 MM;M;0.0;0.0;0.0;0.0;0.0;0.0;0.0
2966;CABO ELETRICO IMPERIUM (TERCEIROS);CABO ATOX HEPR FLEX 1KV 90° IMPERIUM VERDE 1 X 70 MM;M;0.0;0.0;0.0;0.0;0.0;0.0;0.0
2360;CABO ELETRICO IMPERIUM (TERCEIROS);CABO ELET FLEX HEPR IMPERIUM 1KV 90º M 1,5MM AMARELO;M;118664.0;12.280000000000001;0.0;0.09;0.0;0.0;214.13
2361;CABO ELETRICO IMPERIUM (TERCEIROS);CABO ELET FLEX HEPR IMPERIUM 1KV 90º M 1,5MM AZUL;M;118664.0;12.280000000000001;0.0;0.09;0.0;0.0;214.13
2362;CABO ELETRICO IMPERIUM (TERCEIROS);CABO ELET FLEX HEPR IMPERIUM 1KV 90º M 1,5MM VERDE;M;118664.0;12.280000000000001;0.0;0.09;0.0;0.0;214.13
2363;CABO ELETRICO IMPERIUM (TERCEIROS);CABO ELET FLEX HEPR IMPERIUM 1KV 90º M 1,5MM BRANCO;M;118664.0;12.280000000000001;0.0;0.09;0.0;0.0;214.13
2364;CABO ELETRICO IMPERIUM (TERCEIROS);CABO ELET FLEX HEPR IMPERIUM 1 KV 90º M 2,5MM PRETO;M;1.846e+16;0.02;0.0;0.01;0.0;0.0;301.33
2365;CABO ELETRICO IMPERIUM (TERCEIROS);CABO ELET FLEX HEPR IMPERIUM 1 KV 90º M 2,5MM VERMELHO;M;1.846e+16;0.02;0.0;0.01;0.0;0.0;301.33
2370;CABO ELETRICO IMPERIUM (TERCEIROS);CABO ELET FLEX HEPR IMPERIUM 1KV 90º M 4MM PRETO 1 x 4MM;M;0.0;0.0;0.0;0.0;0.0;0.0;0.0
2375;CABO ELETRICO IMPERIUM (TERCEIROS);CABO ELET FLEX HEPR IMPERIUM 1KV 90º M 4MM VERMELHO 1 x 4,5MM;M;0.0;0.0;0.0;0.0;0.0;0.0;0.0
2376;CABO ELETRICO IMPERIUM (TERCEIROS);CABO ELET FLEX HEPR IMPERIUM 1KV 90º M 4MM AMARELO;M;2.912453999999999e+16;31.26;0.0;17.09;0.0;0.0;484.83
2377;CABO ELETRICO IMPERIUM (TERCEIROS);CABO ELET FLEX HEPR IMPERIUM 1KV 90º M 4MM AZUL;M;2.912453999999999e+16;31.26;0.0;17.09;0.0;0.0;484.83
2378;CABO ELETRICO IMPERIUM (TERCEIROS);CABO ELET FLEX HEPR IMPERIUM 1KV 90º M 4MM VERDE;M;2.912453999999999e+16;31.26;0.0;17.09;0.0;0.0;484.83
2379;CABO ELETRICO IMPERIUM (TERCEIROS);CABO ELET FLEX HEPR IMPERIUM 1KV 90º M 4MM BRANCO;M;2.912453999999999e+16;31.26;0.0;17.09;0.0;0.0;484.83
2384;CABO ELETRICO IMPERIUM (TERCEIROS);CABO ELET FLEX HEPR IMPERIUM 1 KV 90º M 6MM VERDE 1 x 6MM;M;0.0;0.0;0.0;0.0;0.0;0.0;0.0
2385;CABO ELETRICO IMPERIUM (TERCEIROS);CABO ELET FLEX HEPR IMPERIUM 1 KV 90º M 6MM BRANCO 1 x 6MM;M;0.0;0.0;0.0;0.0;0.0;0.0;0.0
2386;CABO ELETRICO IMPERIUM (TERCEIROS);CABO ELET FLEX HEPR IMPERIUM 1KV 90º M 10MM PRETO 1 x 10MM;M;0.0;0.0;0.0;0.0;0.0;0.0;0.0
2387;CABO ELETRICO IMPERIUM (TERCEIROS);CABO ELET FLEX HEPR IMPERIUM 1KV 90º M 10MM VERMELHO 1 x 10MM;M;0.0;0.0;0.0;0.0;0.0;0.0;0.0
2388;CABO ELETRICO IMPERIUM (TERCEIROS);CABO ELET FLEX HEPR IMPERIUM 1KV 90º M 10MM AMARELO 1 x 10MM;M;0.0;0.0;0.0;0.0;0.0;0.0;0.0
2389;CABO ELETRICO IMPERIUM (TERCEIROS);CABO ELET FLEX HEPR IMPERIUM 1KV 90º M 10MM AZUL 1 x 10MM;M;0.0;0.0;0.0;0.0;0.0;0.0;0.0
2394;CABO ELETRICO IMPERIUM (TERCEIROS);CABO ELET FLEX HEPR IMPERIUM 1KV 90º M 16MM VERMELHO 1 x 16MM;M;0.0;0.0;0.0;0.0;0.0;0.0;0.0
2395;CABO ELETRICO IMPERIUM (TERCEIROS);CABO ELET FLEX HEPR IMPERIUM 1KV 90º M 16MM AMARELO 1 x 16MM;M;0.0;0.0;0.0;0.0;0.0;0.0;0.0
2396;CABO ELETRICO IMPERIUM (TERCEIROS);CABO ELET FLEX HEPR IMPERIUM 1KV 90º M 16MM AZUL 1 x 16MM;M;0.0;0.0;0.0;0.0;0.0;0.0;0.0
2397;CABO ELETRICO IMPERIUM (TERCEIROS);CABO ELET FLEX HEPR IMPERIUM 1KV 90º M 16MM VERDE 1 x 16MM;M;0.0;0.0;0.0;0.0;0.0;0.0;0.0
2398;CABO ELETRICO IMPERIUM (TERCEIROS);CABO ELET FLEX HEPR IMPERIUM 1KV 90º M 16MM BRANCO 1 x 16MM;M;0.0;0.0;0.0;0.0;0.0;0.0;0.0
2399;CABO ELETRICO IMPERIUM (TERCEIROS);CABO ELET FLEX HEPR IMPERIUM 1KV 90º M 25MM PRETO 1 x 25MM;M;0.0;0.0;0.0;0.0;0.0;0.0;0.0
2404;CABO ELETRICO IMPERIUM (TERCEIROS);CABO ELET FLEX HEPR IMPERIUM 1KV 90º M 25MM BRANCO 1 x 25MM;M;0.0;0.0;0.0;0.0;0.0;0.0;0.0
2405;CABO ELETRICO IMPERIUM (TERCEIROS);CABO ELET FLEX HEPR IMPERIUM 1KV 90º M 35MM PRETO 1 x 35MM;M;0.0;0.0;0.0;0.0;0.0;0.0;0.0
2406;CABO ELETRICO IMPERIUM (TERCEIROS);CABO ELET FLEX HEPR IMPERIUM 1KV 90º M 35MM VERMELHO 1 x 35MM;M;0.0;0.0;0.0;0.0;0.0;0.0;0.0
2407;CABO ELETRICO IMPERIUM (TERCEIROS);CABO ELET FLEX HEPR IMPERIUM 1KV 90º M 35MM AMARELO 1 x 35MM;M;0.0;0.0;0.0;0.0;0.0;0.0;0.0
2408;CABO ELETRICO IMPERIUM (TERCEIROS);CABO ELET FLEX HEPR IMPERIUM 1KV 90º M 35MM AZUL 1 x 35MM;M;0.0;0.0;0.0;0.0;0.0;0.0;0.0
2409;CABO ELETRICO IMPERIUM (TERCEIROS);CABO ELET FLEX HEPR IMPERIUM 1KV 90º M 35MM VERDE 1 x 35MM;M;0.0;0.0;0.0;0.0;0.0;0.0;0.0
2415;CABO ELETRICO IMPERIUM (TERCEIROS);CABO ELET FLEX HEPR IMPERIUM 1KV 90º M 50MM AZUL 1 x 50MM;M;0.0;0.0;0.0;0.0;0.0;0.0;0.0
2416;CABO ELETRICO IMPERIUM (TERCEIROS);CABO ELET FLEX HEPR IMPERIUM 1KV 90º M 50MM VERDE 1 x 50MM;M;0.0;0.0;0.0;0.0;0.0;0.0;0.0
2417;CABO ELETRICO IMPERIUM (TERCEIROS);CABO ELET FLEX HEPR IMPERIUM 1KV 90º M 50MM BRANCO 1 x 50MM;M;0.0;0.0;0.0;0.0;0.0;0.0;0.0
2418;CABO ELETRICO IMPERIUM (TERCEIROS);CABO ELET FLEX HEPR IMPERIUM 1KV 90º M 50MM BRANCO 1 x 50MM;M;0.0;0.0;0.0;0.0;0.0;0.0;0.0
2420;CABO ELETRICO IMPERIUM (TERCEIROS);CABO ELET FLEX HEPR IMPERIUM 1 KV 90º M 95MM PRETO 1 x 95MM;M;0.0;0.0;0.0;0.0;0.0;0.0;0.0
2421;CABO ELETRICO IMPERIUM (TERCEIROS);CABO ELET FLEX HEPR IMPERIUM 1 KV 90º M 95MM VERMELHO 1 x 95MM;M;0.0;0.0;0.0;0.0;0.0;0.0;0.0
2427;CABO ELETRICO IMPERIUM (TERCEIROS);CABO ELET FLEX HEPR IMPERIUM 1KV 90º M 120MM PRETO 1x 120MM;M;0.0;0.0;0.0;0.0;0.0;0.0;0.0
2428;CABO ELETRICO IMPERIUM (TERCEIROS);CABO ELET FLEX HEPR IMPERIUM 1KV 90º M 120MM VERMELHO 1x 120MM;M;0.0;0.0;0.0;0.0;0.0;0.0;0.0
2429;CABO ELETRICO IMPERIUM (TERCEIROS);CABO ELET FLEX HEPR IMPERIUM 1KV 90º M 120MM AMARELO 1x 120MM;M;0.0;0.0;0.0;0.0;0.0;0.0;0.0
2430;CABO ELETRICO IMPERIUM (TERCEIROS);CABO ELET FLEX HEPR IMPERIUM 1KV 90º M 120MM AZUL 1x 120MM;M;0.0;0.0;0.0;0.0;0.0;0.0;0.0
2431;CABO ELETRICO IMPERIUM (TERCEIROS);CABO ELET FLEX HEPR IMPERIUM 1KV 90º M 120MM VERDE 1x 120MM;M;0.0;0.0;0.0;0.0;0.0;0.0;0.0
2432;CABO ELETRICO IMPERIUM (TERCEIROS);CABO ELET FLEX HEPR IMPERIUM 1KV 90º M 120MM BRANCO 1x 120MM;M;0.0;0.0;0.0;0.0;0.0;0.0;0.0
2437;CABO ELETRICO IMPERIUM (TERCEIROS);CABO ELET FLEX HEPR IMPERIUM 1KV 90º M 150MM VERDE 1x 150MM;M;0.0;0.0;0.0;0.0;0.0;0.0;0.0
2438;CABO ELETRICO IMPERIUM (TERCEIROS);CABO ELET FLEX HEPR IMPERIUM 1KV 90º M 150MM BRANCO 1x 150MM;M;0.0;0.0;0.0;0.0;0.0;0.0;0.0
2439;CABO ELETRICO IMPERIUM (TERCEIROS);CABO ELET FLEX HEPR IMPERIUM 1KV 90º M 300MM PRETO 1x 300MM;M;0.0;0.0;0.0;0.0;0.0;0.0;0.0
2440;CABO ELETRICO IMPERIUM (TERCEIROS);CABO ELET FLEX HEPR IMPERIUM 1KV 90º M 300MM VERMELHO 1x 300MM;M;0.0;0.0;0.0;0.0;0.0;0.0;0.0
2441;CABO ELETRICO IMPERIUM (TERCEIROS);CABO ELET FLEX HEPR IMPERIUM 1KV 90º M 300MM AMARELO 1x 300MM;M;0.0;0.0;0.0;0.0;0.0;0.0;0.0
2442;CABO ELETRICO IMPERIUM (TERCEIROS);CABO ELET FLEX HEPR IMPERIUM 1KV 90º M 300MM AZUL 1x 300MM;M;0.0;0.0;0.0;0.0;0.0;0.0;0.0
2492;CABO ELETRICO IMPERIUM (TERCEIROS);CABO ELET FLEX HEPR IMPERIUM 1KV 90º M 70MM AMARELO 1 x 70MM;M;0.0;0.0;0.0;0.0;0.0;0.0;0.0
2493;CABO ELETRICO IMPERIUM (TERCEIROS);CABO ELET FLEX HEPR IMPERIUM 1KV 90º M 70MM AZUL 1 x 50MM;M;0.0;0.0;0.0;0.0;0.0;0.0;0.0
2494;CABO ELETRICO IMPERIUM (TERCEIROS);CABO ELET FLEX HEPR IMPERIUM 1KV 90º M 70MM VERDE 1 x 70MM;M;0.0;0.0;0.0;0.0;0.0;0.0;0.0
2495;CABO ELETRICO IMPERIUM (TERCEIROS);CABO ELET FLEX HEPR IMPERIUM 1KV 90º M 70MM BRANCO 1 x 70MM;M;0.0;0.0;0.0;0.0;0.0;0.0;0.0
2496;CABO ELETRICO IMPERIUM (TERCEIROS);CABO ELET FLEX HEPR IMPERIUM 1KV 90º M 70MM BRANCO 1 x 50MM;M;0.0;0.0;0.0;0.0;0.0;0.0;0.0
2560;CABO ELETRICO IMPERIUM (TERCEIROS);CABO ELET FLEX HEPR IMPERIUM 1KV 90º M 240MM PRETO 1x 240MM;M;0.0;0.0;0.0;0.0;0.0;0.0;0.0
2565;CABO ELETRICO IMPERIUM (TERCEIROS);CABO ELET FLEX HEPR IMPERIUM 1KV 90º M 240MM BRANCO;M;146381.0;16.45;0.0;0.54;0.0;0.0;21851.33
2603;CABO ELETRICO IMPERIUM (TERCEIROS);CABO ELET FLEX HEPR IMPERIUM 1 KV 90º M 185MM PRETO;M;115197.0;1.3;0.0;0.4;0.0;0.0;17001.33
2604;CABO ELETRICO IMPERIUM (TERCEIROS);CABO ELET FLEX HEPR IMPERIUM 1 KV 90º M 185MM VERMELHO;M;115197.0;1.3;0.0;0.4;0.0;0.0;17001.33
2605;CABO ELETRICO IMPERIUM (TERCEIROS);CABO ELET FLEX HEPR IMPERIUM 1 KV 90º M 185MM AMARELO;M;115197.0;1.3;0.0;0.4;0.0;0.0;17001.33
2606;CABO ELETRICO IMPERIUM (TERCEIROS);CABO ELET FLEX HEPR IMPERIUM 1 KV 90º M 185MM AZUL;M;115197.0;1.3;0.0;0.4;0.0;0.0;17001.33
2607;CABO ELETRICO IMPERIUM (TERCEIROS);CABO ELET FLEX HEPR IMPERIUM 1 KV 90º M 185MM VERDE;M;115197.0;1.3;0.0;0.4;0.0;0.0;17001.33
2820;CABO ELETRICO IMPERIUM (TERCEIROS);CABO ELET FLEX HEPR IMPERIUM 1 KV 90º M 120MM VERMELHO 1x 120MM;M;0.0;0.0;0.0;0.0;0.0;0.0;0.0
2821;CABO ELETRICO IMPERIUM (TERCEIROS);CABO ELET FLEX HEPR IMPERIUM 1 KV 90º M 120MM AMARELO 1x 120MM;M;0.0;0.0;0.0;0.0;0.0;0.0;0.0
2822;CABO ELETRICO IMPERIUM (TERCEIROS);CABO ELET FLEX HEPR IMPERIUM 1 KV 90º M 120MM AZUL 1x 120MM;M;0.0;0.0;0.0;0.0;0.0;0.0;0.0
2823;CABO ELETRICO IMPERIUM (TERCEIROS);CABO ELET FLEX HEPR IMPERIUM 1 KV 90º M 120MM VERDE 1x 120MM;M;0.0;0.0;0.0;0.0;0.0;0.0;0.0
2824;CABO ELETRICO IMPERIUM (TERCEIROS);CABO ELET FLEX HEPR IMPERIUM 1 KV 90º M 120MM BRANCO 1x 120MM;M;0.0;0.0;0.0;0.0;0.0;0.0;0.0
2827;CABO ELETRICO IMPERIUM (TERCEIROS);CABO ELET FLEX HEPR IMPERIUM 1 KV 90º M 120MM MARROM 1x 120MM;M;0.0;0.0;0.0;0.0;0.0;0.0;0.0
2483;CABO ELETRICO IMPERIUM (TERCEIROS);CORDAO PARALELO POLARIZADO IMPERIUM BRANCO 2x1,0 MM;M;0.0;0.0;0.0;0.0;0.0;0.0;0.0
2485;CABO ELETRICO IMPERIUM (TERCEIROS);CORDAO PARALELO POLARIZADO IMPERIUM BRANCO 2x2,5 MM;M;0.0;2.64;0.0;99.62;0.0;0.0;146.25
2486;CABO ELETRICO IMPERIUM (TERCEIROS);CORDAO PARALELO POLARIZADO IMPERIUM BRANCO 2x4 MM;M;0.0;0.0;0.0;0.0;0.0;0.0;0.0
2484;CABO ELETRICO IMPERIUM (TERCEIROS);CORDAO PARALELO POLARIZADO IMPERIUM BRANCO 2x1,5 MM;M;0.0;1.54;0.0;8.46;0.0;0.0;110.23
2447;CABO ELETRICO IMPERIUM (TERCEIROS);CABO DE CONTROLE PP M PRETO 1KV IMPERIUM PRETO 2x2,5 MM;M;0.0;2.64;0.0;99.62;0.0;0.0;146.25
2448;CABO ELETRICO IMPERIUM (TERCEIROS);CABO DE CONTROLE PP M PRETO 1KV IMPERIUM PRETO 2x4 MM;M;0.0;0.0;0.0;0.0;0.0;0.0;0.0
2449;CABO ELETRICO IMPERIUM (TERCEIROS);CABO DE CONTROLE PP M PRETO 1KV IMPERIUM PRETO 2x6 MM;M;0.0;0.0;0.0;0.0;0.0;0.0;0.0
2450;CABO ELETRICO IMPERIUM (TERCEIROS);CABO DE CONTROLE PP M PRETO 1KV IMPERIUM PRETO 2x10 MM;M;0.0;0.0;0.0;0.0;0.0;0.0;0.0
2458;CABO ELETRICO IMPERIUM (TERCEIROS);CABO DE CONTROLE PP M PRETO 1KV IMPERIUM PRETO 3x6 MM;M;0.0;0.0;0.0;0.0;0.0;0.0;0.0
2459;CABO ELETRICO IMPERIUM (TERCEIROS);CABO DE CONTROLE PP M PRETO 1KV IMPERIUM PRETO 3x10 MM;M;0.0;0.0;0.0;0.0;0.0;0.0;0.0
2460;CABO ELETRICO IMPERIUM (TERCEIROS);CABO DE CONTROLE PP M PRETO 1KV IMPERIUM PRETO 3x16 MM;M;0.0;0.0;0.0;0.0;0.0;0.0;0.0
2461;CABO ELETRICO IMPERIUM (TERCEIROS);CABO DE CONTROLE PP M PRETO 1KV IMPERIUM PRETO 3x25 MM;M;0.0;0.0;0.0;0.0;0.0;0.0;0.0
2468;CABO ELETRICO IMPERIUM (TERCEIROS);CABO DE CONTROLE PP M PRETO 1KV IMPERIUM PRETO 4x16 MM;M;0.0;0.0;0.0;0.0;0.0;0.0;0.0
2469;CABO ELETRICO IMPERIUM (TERCEIROS);CABO DE CONTROLE PP M PRETO 1KV IMPERIUM PRETO 4x25 MM;M;0.0;0.0;0.0;0.0;0.0;0.0;0.0
2470;CABO ELETRICO IMPERIUM (TERCEIROS);CABO DE CONTROLE PP M PRETO 1KV IMPERIUM PRETO 5x1,0 MM;M;0.0;0.0;0.0;0.0;0.0;0.0;0.0
2471;CABO ELETRICO IMPERIUM (TERCEIROS);CABO DE CONTROLE PP M PRETO 1KV IMPERIUM PRETO 5x1,5 MM;M;0.0;0.0;0.0;0.0;0.0;0.0;0.0
2478;CABO ELETRICO IMPERIUM (TERCEIROS);CABO DE CONTROLE PP M PRETO 1KV IMPERIUM PRETO 7x2,5 MM;M;0.0;0.0;0.0;0.0;0.0;0.0;0.0
2514;CABO ELETRICO IMPERIUM (TERCEIROS);CABO DE CONTROLE PP M PRETO 1KV IMPERIUM PRETO 3x2,5 MM;M;0.0;3.96;0.0;12.77;0.0;0.0;227.53
2521;CABO ELETRICO IMPERIUM (TERCEIROS);CABO DE CONTROLE PP M PRETO 1KV IMPERIUM PRETO 4x1,5 MM;M;0.0;0.0;0.0;0.0;0.0;0.0;0.0
2522;CABO ELETRICO IMPERIUM (TERCEIROS);CABO DE CONTROLE PP M PRETO 1KV IMPERIUM PRETO 4x2,5 MM;M;0.0;0.0;0.0;0.0;0.0;0.0;0.0
2697;CABO ELETRICO IMPERIUM (TERCEIROS);CABO DE CONTROLE PP M PRETO 1KV IMPERIUM PRETO 2x1,5 MM;M;0.0;1.54;0.0;8.46;0.0;0.0;110.23
2698;CABO ELETRICO IMPERIUM (TERCEIROS);CABO DE CONTROLE PP M PRETO 1KV IMPERIUM PRETO 2x2,5 MM;M;0.0;2.64;0.0;99.62;0.0;0.0;146.25
2699;CABO ELETRICO IMPERIUM (TERCEIROS);CABO DE CONTROLE PP M PRETO 1KV IMPERIUM PRETO 2x4 MM;M;0.0;0.0;0.0;0.0;0.0;0.0;0.0
2700;CABO ELETRICO IMPERIUM (TERCEIROS);CABO DE CONTROLE PP M PRETO 1KV IMPERIUM PRETO 2x6 MM;M;0.0;0.0;0.0;0.0;0.0;0.0;0.0
2707;CABO ELETRICO IMPERIUM (TERCEIROS);CABO DE CONTROLE PP M PRETO 1KV IMPERIUM PRETO 3x4 MM;M;0.0;0.0;0.0;0.0;0.0;0.0;0.0
2708;CABO ELETRICO IMPERIUM (TERCEIROS);CABO DE CONTROLE PP M PRETO 1KV IMPERIUM PRETO 3x6 MM;M;0.0;0.0;0.0;0.0;0.0;0.0;0.0
2709;CABO ELETRICO IMPERIUM (TERCEIROS);CABO DE CONTROLE PP M PRETO 1KV IMPERIUM PRETO 3x10 MM;M;0.0;0.0;0.0;0.0;0.0;0.0;0.0
2710;CABO ELETRICO IMPERIUM (TERCEIROS);CABO DE CONTROLE PP M PRETO 1KV IMPERIUM PRETO 3x16 MM;M;0.0;0.0;0.0;0.0;0.0;0.0;0.0
2717;CABO ELETRICO IMPERIUM (TERCEIROS);CABO DE CONTROLE PP M PRETO 1KV IMPERIUM PRETO 4x10 MM;M;0.0;0.0;0.0;0.0;0.0;0.0;0.0
2718;CABO ELETRICO IMPERIUM (TERCEIROS);CABO DE CONTROLE PP M PRETO 1KV IMPERIUM PRETO 4x16 MM;M;0.0;0.0;0.0;0.0;0.0;0.0;0.0
2719;CABO ELETRICO IMPERIUM (TERCEIROS);CABO DE CONTROLE PP M PRETO 1KV IMPERIUM PRETO 4x25 MM;M;0.0;0.0;0.0;0.0;0.0;0.0;0.0
2720;CABO ELETRICO IMPERIUM (TERCEIROS);CABO DE CONTROLE PP M PRETO 1KV IMPERIUM PRETO 5x1,0 MM;M;0.0;0.0;0.0;0.0;0.0;0.0;0.0
2727;CABO ELETRICO IMPERIUM (TERCEIROS);CABO DE CONTROLE PP M PRETO 1KV IMPERIUM PRETO 7x1,5 MM;M;0.0;0.0;0.0;0.0;0.0;0.0;0.0
2728;CABO ELETRICO IMPERIUM (TERCEIROS);CABO DE CONTROLE PP M PRETO 1KV IMPERIUM PRETO 7x2,5 MM;M;0.0;0.0;0.0;0.0;0.0;0.0;0.0
2292;CABO ELETRICO IMPERIUM (TERCEIROS);CABO FLEX IMPERIUM 750V M 1,5MM PRETO 1,5MM;M;118664.0;12.280000000000001;0.0;0.09;0.0;0.0;214.13
2308;CABO ELETRICO IMPERIUM (TERCEIROS);CABO FLEX IMPERIUM 750V M 1,5MM VERMELHO 1,5MM;M;118664.0;12.280000000000001;0.0;0.09;0.0;0.0;214.13
2343;CABO ELETRICO IMPERIUM (TERCEIROS);CABO FLEX IMPERIUM 750V 10MM PRETO 10,0MM;M;707472.0;0.78;0.0;3.29;0.0;0.0;111033000000000.0
2344;CABO ELETRICO IMPERIUM (TERCEIROS);CABO FLEX IMPERIUM 750V 10MM VERMELHO 10,0MM;M;707472.0;0.78;0.0;3.29;0.0;0.0;111033000000000.0
2345;CABO ELETRICO IMPERIUM (TERCEIROS);CABO FLEX IMPERIUM 750V 10MM AMARELO 10,0MM;M;707472.0;0.78;0.0;3.29;0.0;0.0;111033000000000.0
2346;CABO ELETRICO IMPERIUM (TERCEIROS);CABO FLEX IMPERIUM 750V 10MM AZUL 10,0MM;M;707472.0;0.78;0.0;3.29;0.0;0.0;111033000000000.0
2347;CABO ELETRICO IMPERIUM (TERCEIROS);CABO FLEX IMPERIUM 750V 10MM VERDE 10,0MM;M;707472.0;0.78;0.0;3.29;0.0;0.0;111033000000000.0
2597;CABO ELETRICO IMPERIUM (TERCEIROS);CABO FLEX IMPERIUM 750V 35MM BRANCO 35MM;RL;2.1565950000000004e+16;2422.0;0.0;297.0;0.0;0.0;3.2243300000000004e+16
3003;CABO ELETRICO IMPERIUM (TERCEIROS);CABO ELETRICO FLEX ATOX 450/750V 10,0MM;M;0.0;0.0;0.0;0.0;0.0;0.0;0.0
3020;CABO ELETRICO IMPERIUM (TERCEIROS);CABO ELETRICO FLEX ATOX 450/750V VERMELHO 10,0MM;M;0.0;0.0;0.0;0.0;0.0;0.0;0.0
3021;CABO ELETRICO IMPERIUM (TERCEIROS);CABO ELETRICO FLEX ATOX 450/750V AMARELO 10,0MM;M;0.0;0.0;0.0;0.0;0.0;0.0;0.0
3022;CABO ELETRICO IMPERIUM (TERCEIROS);CABO ELETRICO FLEX ATOX 450/750V AZUL 10,0MM;M;0.0;0.0;0.0;0.0;0.0;0.0;0.0
2501;CABO ELETRICO IMPERIUM (TERCEIROS);CABO FLEX IMPERIUM 750V 16MM VERDE 16MM;M;107196.0;1.19;0.0;1.83;0.0;0.0;1653.33
2502;CABO ELETRICO IMPERIUM (TERCEIROS);CABO FLEX IMPERIUM 750V 16MM BRANCO 16MM;RL;107196.0;119.0;0.0;183.0;0.0;0.0;165333.0
2503;CABO ELETRICO IMPERIUM (TERCEIROS);CABO FLEX IMPERIUM 750V 16MM MARROM 16MM;RL;107196.0;119.0;0.0;183.0;0.0;0.0;165333.0
2322;CABO ELETRICO IMPERIUM (TERCEIROS);CABO FLEX IMPERIUM 750V M 2,5MM PRETO 2,5MM;M;1.846e+16;0.02;0.0;0.01;0.0;0.0;301.33
2323;CABO ELETRICO IMPERIUM (TERCEIROS);CABO FLEX IMPERIUM 750V M 2,5MM VERMELHO 2,5MM;M;1.846e+16;0.02;0.0;0.01;0.0;0.0;301.33
3010;CABO ELETRICO IMPERIUM (TERCEIROS);CABO ELETRICO FLEX ATOX 2,5MM IMPERIUM 450/750V VERDE 2,5MM;M;1.846e+16;0.02;0.0;0.01;0.0;0.0;301.33
3011;CABO ELETRICO IMPERIUM (TERCEIROS);CABO ELETRICO FLEX ATOX 2,5MM IMPERIUM 450/750V PRETO 2,5MM;M;1.846e+16;0.02;0.0;0.01;0.0;0.0;301.33
3012;CABO ELETRICO IMPERIUM (TERCEIROS);CABO ELETRICO FLEX ATOX 2,5MM IMPERIUM 450/750V VERMELHO 2,5MM;M;1.846e+16;0.02;0.0;0.01;0.0;0.0;301.33
3013;CABO ELETRICO IMPERIUM (TERCEIROS);CABO ELETRICO FLEX ATOX 2,5MM IMPERIUM 450/750V AMARELO 2,5MM;M;1.846e+16;0.02;0.0;0.01;0.0;0.0;301.33
2590;CABO ELETRICO IMPERIUM (TERCEIROS);CABO FLEX IMPERIUM 750V 25MM BRANCO 25MM;RL;1611169.0;177.0;0.0;777.0;0.0;0.0;254833.0
2591;CABO ELETRICO IMPERIUM (TERCEIROS);CABO FLEX IMPERIUM 750V 25MM MARROM 25MM;RL;1611169.0;177.0;0.0;777.0;0.0;0.0;254833.0
2598;CABO ELETRICO IMPERIUM (TERCEIROS);CABO FLEX IMPERIUM 750V 35MM CINZA 35MM;RL;2.1565950000000004e+16;2422.0;0.0;297.0;0.0;0.0;3.2243300000000004e+16
2592;CABO ELETRICO IMPERIUM (TERCEIROS);CABO FLEX IMPERIUM 750V 35MM PRETO 35MM;M;2156595.0;24.22;0.0;2.97;0.0;0.0;322433000000000.06
2329;CABO ELETRICO IMPERIUM (TERCEIROS);CABO FLEX IMPERIUM 750V M 4MM PRETO 4,0MM;M;2.912453999999999e+16;31.26;0.0;17.09;0.0;0.0;484.83
2991;CABO ELETRICO IMPERIUM (TERCEIROS);CABO ELETRICO FLEX ATOX IMPERIUM 450/750V PRETO 4,0MM;M;0.0;0.0;0.0;0.0;0.0;0.0;0.0
3015;CABO ELETRICO IMPERIUM (TERCEIROS);CABO ELETRICO FLEX ATOX IMPERIUM 450/750V VERMELHO 4,0MM;M;0.0;0.0;0.0;0.0;0.0;0.0;0.0
3016;CABO ELETRICO IMPERIUM (TERCEIROS);CABO ELETRICO FLEX ATOX IMPERIUM 450/750V AMARELO 4,0MM;M;0.0;0.0;0.0;0.0;0.0;0.0;0.0
3017;CABO ELETRICO IMPERIUM (TERCEIROS);CABO ELETRICO FLEX ATOX IMPERIUM 450/750V AZUL 4,0MM;M;0.0;0.0;0.0;0.0;0.0;0.0;0.0
2793;CABO ELETRICO IMPERIUM (TERCEIROS);CABO FLEX IMPERIUM 750V 50MM VERDE 50,0MM;M;2.9835500000000004e+16;3.35;0.0;0.39;0.0;0.0;4461.33
2794;CABO ELETRICO IMPERIUM (TERCEIROS);CABO FLEX IMPERIUM 750V 50MM BRANCO 50,0MM;M;2.9835500000000004e+16;3.35;0.0;0.39;0.0;0.0;4461.33
2795;CABO ELETRICO IMPERIUM (TERCEIROS);CABO FLEX IMPERIUM 750V 50MM MARROM 50,0MM;M;2.9835500000000004e+16;3.35;0.0;0.39;0.0;0.0;4461.33
2336;CABO ELETRICO IMPERIUM (TERCEIROS);CABO FLEX IMPERIUM 750V M 6MM PRETO 6,0MM;M;4399896.0;0.48;0.0;22.36;0.0;0.0;704.9300000000001
2337;CABO ELETRICO IMPERIUM (TERCEIROS);CABO FLEX IMPERIUM 750V M 6MM VERMELHO 6,0MM;M;4399896.0;0.48;0.0;22.36;0.0;0.0;704.9300000000001
2998;CABO ELETRICO IMPERIUM (TERCEIROS);CABO ELETRICO FLEX ATOX IMPERIUM 450/750V VERMELHO 6,0MM;M;0.0;0.0;0.0;0.0;0.0;0.0;0.0
2999;CABO ELETRICO IMPERIUM (TERCEIROS);CABO ELETRICO FLEX ATOX IMPERIUM 450/750V AMARELO 6,0MM;M;0.0;0.0;0.0;0.0;0.0;0.0;0.0
3000;CABO ELETRICO IMPERIUM (TERCEIROS);CABO ELETRICO FLEX ATOX IMPERIUM 450/750V AZUL 6,0MM;M;0.0;0.0;0.0;0.0;0.0;0.0;0.0
3001;CABO ELETRICO IMPERIUM (TERCEIROS);CABO ELETRICO FLEX ATOX IMPERIUM 450/750V VERDE 6,0MM;M;0.0;0.0;0.0;0.0;0.0;0.0;0.0
2808;CABO ELETRICO IMPERIUM (TERCEIROS);CABO FLEX IMPERIUM 750V 95MM BRANCO 95,0MM;M;59508.0;6.62;0.0;0.25;0.0;0.0;9121.33
2809;CABO ELETRICO IMPERIUM (TERCEIROS);CABO FLEX IMPERIUM 750V 95MM MARROM 95,0MM;M;59508.0;6.62;0.0;0.25;0.0;0.0;9121.33
2912;CABO ELETRICO IMPERIUM (TERCEIROS);CABO FLEX IMPERIUM 750V PRETO 120,0MM;M;0.0;0.0;0.0;0.0;0.0;0.0;0.0
2913;CABO ELETRICO IMPERIUM (TERCEIROS);CABO FLEX IMPERIUM 750V VERMELHO 120,0MM;M;0.0;0.0;0.0;0.0;0.0;0.0;0.0
2914;CABO ELETRICO IMPERIUM (TERCEIROS);CABO FLEX IMPERIUM 750V AMARELO 120,0MM;M;0.0;0.0;0.0;0.0;0.0;0.0;0.0
2846;CABO ELETRICO IMPERIUM (TERCEIROS);CABO ATOX HEPR FLEX 1KV 90° IMPERIUM VERMELHO 1 X 10 MM;M;0.0;0.0;0.0;0.0;0.0;0.0;0.0
2847;CABO ELETRICO IMPERIUM (TERCEIROS);CABO ATOX HEPR FLEX 1KV 90° IMPERIUM AMARELO 1 X 10 MM;M;0.0;0.0;0.0;0.0;0.0;0.0;0.0
2848;CABO ELETRICO IMPERIUM (TERCEIROS);CABO ATOX HEPR FLEX 1KV 90° IMPERIUM AZUL 1 X 10 MM;M;0.0;0.0;0.0;0.0;0.0;0.0;0.0
2849;CABO ELETRICO IMPERIUM (TERCEIROS);CABO ATOX HEPR FLEX 1KV 90° IMPERIUM VERDE 1 X 10 MM;M;0.0;0.0;0.0;0.0;0.0;0.0;0.0
2856;CABO ELETRICO IMPERIUM (TERCEIROS);CABO ATOX HEPR FLEX 1KV 90° 1 X 25 MM² IMPERIUM VERDE 1 X 25 MM;M;0.0;0.0;0.0;0.0;0.0;0.0;0.0
2857;CABO ELETRICO IMPERIUM (TERCEIROS);CABO ATOX HEPR FLEX 1KV 90° 1 X 25 MM² IMPERIUM BRANCO 1 X 25 MM;M;0.0;0.0;0.0;0.0;0.0;0.0;0.0
2858;CABO ELETRICO IMPERIUM (TERCEIROS);CABO ATOX HEPR FLEX 1KV 90° 1 X 25 MM² IMPERIUM MARROM 1 X 25 MM;M;0.0;0.0;0.0;0.0;0.0;0.0;0.0
2859;CABO ELETRICO IMPERIUM (TERCEIROS);CABO ATOX HEPR FLEX 1KV 90° 1 X 50 MM² PRETO 1 X 50 MM;M;0.0;0.0;0.0;0.0;0.0;0.0;0.0
2866;CABO ELETRICO IMPERIUM (TERCEIROS);CABO ATOX HEPR FLEX 1KV 90° 1 X 70 MM² IMPERIUM PRETO 1 X 70 MM;M;0.0;0.0;0.0;0.0;0.0;0.0;0.0
2867;CABO ELETRICO IMPERIUM (TERCEIROS);CABO ATOX HEPR FLEX 1KV 90° 1 X 70 MM² IMPERIUM VERMELHO 1 X 70 MM;M;0.0;0.0;0.0;0.0;0.0;0.0;0.0
2868;CABO ELETRICO IMPERIUM (TERCEIROS);CABO ATOX HEPR FLEX 1KV 90° 1 X 70 MM² IMPERIUM AMARELO 1 X 70 MM;M;0.0;0.0;0.0;0.0;0.0;0.0;0.0
2869;CABO ELETRICO IMPERIUM (TERCEIROS);CABO ATOX HEPR FLEX 1KV 90° 1 X 70 MM² IMPERIUM AZUL 1 X 70 MM;M;0.0;0.0;0.0;0.0;0.0;0.0;0.0
2883;CABO ELETRICO IMPERIUM (TERCEIROS);CABO ATOX HEPR IMPERIUM FLEX 1KV 90° 1 X 150 MM² AZUL 1 X 150 MM;M;0.0;0.0;0.0;0.0;0.0;0.0;0.0
2884;CABO ELETRICO IMPERIUM (TERCEIROS);CABO ATOX HEPR IMPERIUM FLEX 1KV 90° 1 X 150 MM² VERDE 1 X 150 MM;M;0.0;0.0;0.0;0.0;0.0;0.0;0.0
2885;CABO ELETRICO IMPERIUM (TERCEIROS);CABO ATOX HEPR IMPERIUM FLEX 1KV 90° 1 X 150 MM² BRANCO 1 X 150 MM;M;0.0;0.0;0.0;0.0;0.0;0.0;0.0
2894;CABO ELETRICO IMPERIUM (TERCEIROS);CABO ATOX HEPR FLEX 1KV 90° IMPERIUM PRETO 1 X 50 MM;M;0.0;0.0;0.0;0.0;0.0;0.0;0.0
2901;CABO ELETRICO IMPERIUM (TERCEIROS);CABO ATOX HEPR FLEX 1KV 90° 1 X 16 MM² IMPERIUM PRETO 1 X 16 MM;M;0.0;0.0;0.0;0.0;0.0;0.0;0.0
2902;CABO ELETRICO IMPERIUM (TERCEIROS);CABO ATOX HEPR FLEX 1KV 90° 1 X 16 MM² IMPERIUM VERMELHO 1 X 16 MM;M;0.0;0.0;0.0;0.0;0.0;0.0;0.0
2903;CABO ELETRICO IMPERIUM (TERCEIROS);CABO ATOX HEPR FLEX 1KV 90° 1 X 16 MM² IMPERIUM AMARELO 1 X 16 MM;M;0.0;0.0;0.0;0.0;0.0;0.0;0.0
2904;CABO ELETRICO IMPERIUM (TERCEIROS);CABO ATOX HEPR FLEX 1KV 90° 1 X 16 MM² IMPERIUM AZUL 1 X 16 MM;M;0.0;0.0;0.0;0.0;0.0;0.0;0.0
2926;CABO ELETRICO IMPERIUM (TERCEIROS);CABO ELETRICO FLEX HEPR 16,0MM ATOX AZUL 1 X 16 MM;M;0.0;0.0;0.0;0.0;0.0;0.0;0.0
2927;CABO ELETRICO IMPERIUM (TERCEIROS);CABO ELETRICO FLEX HEPR 16,0MM ATOX VERDE 1 X 16 MM;M;0.0;0.0;0.0;0.0;0.0;0.0;0.0
2928;CABO ELETRICO IMPERIUM (TERCEIROS);CABO ELETRICO FLEX HEPR 16,0MM ATOX BRANCO 1 X 16 MM;M;0.0;0.0;0.0;0.0;0.0;0.0;0.0
2929;CABO ELETRICO IMPERIUM (TERCEIROS);CABO ELETRICO FLEX HEPR 16,0MM ATOX MARROM 1 X 16 MM;M;0.0;0.0;0.0;0.0;0.0;0.0;0.0
2945;CABO ELETRICO IMPERIUM (TERCEIROS);CABO ELET FLEX HEPR ATOX IMPERIUM 1KV 90º MARROM 1 X 70 MM;M;0.0;0.0;0.0;0.0;0.0;0.0;0.0
2946;CABO ELETRICO IMPERIUM (TERCEIROS);CABO ELET FLEX HEPR ATOX IMPERIUM 1KV 90º PRETO 1 X 10 MM;M;0.0;0.0;0.0;0.0;0.0;0.0;0.0
2947;CABO ELETRICO IMPERIUM (TERCEIROS);CABO ELET FLEX HEPR ATOX IMPERIUM 1KV 90º VERMELHO 1 X 10 MM;M;0.0;0.0;0.0;0.0;0.0;0.0;0.0
2948;CABO ELETRICO IMPERIUM (TERCEIROS);CABO ELET FLEX HEPR ATOX IMPERIUM 1KV 90º AMARELO 1 X 10 MM;M;0.0;0.0;0.0;0.0;0.0;0.0;0.0
2955;CABO ELETRICO IMPERIUM (TERCEIROS);CABO ELETRICO ATOX HEPR AMARELO 1 X 25 MM;M;0.0;0.0;0.0;0.0;0.0;0.0;0.0
2956;CABO ELETRICO IMPERIUM (TERCEIROS);CABO ELETRICO ATOX HEPR AZUL 1 X 25 MM;M;0.0;0.0;0.0;0.0;0.0;0.0;0.0
2957;CABO ELETRICO IMPERIUM (TERCEIROS);CABO ELETRICO ATOX HEPR VERDE 1 X 25 MM;M;0.0;0.0;0.0;0.0;0.0;0.0;0.0
2958;CABO ELETRICO IMPERIUM (TERCEIROS);CABO ELETRICO ATOX HEPR BRANCO 1 X 25 MM;M;0.0;0.0;0.0;0.0;0.0;0.0;0.0
2959;CABO ELETRICO IMPERIUM (TERCEIROS);CABO ELETRICO ATOX HEPR MARROM 1 X 25 MM;M;0.0;0.0;0.0;0.0;0.0;0.0;0.0
2967;CABO ELETRICO IMPERIUM (TERCEIROS);CABO ATOX HEPR FLEX 1KV 90° IMPERIUM BRANCO 1 X 70 MM;M;0.0;0.0;0.0;0.0;0.0;0.0;0.0
2968;CABO ELETRICO IMPERIUM (TERCEIROS);CABO ATOX HEPR FLEX 1KV 90° IMPERIUM MARROM 1 X 70 MM;M;0.0;0.0;0.0;0.0;0.0;0.0;0.0
2358;CABO ELETRICO IMPERIUM (TERCEIROS);CABO ELET FLEX HEPR IMPERIUM 1KV 90º M 1,5MM PRETO;M;118664.0;12.280000000000001;0.0;0.09;0.0;0.0;214.13
2359;CABO ELETRICO IMPERIUM (TERCEIROS);CABO ELET FLEX HEPR IMPERIUM 1KV 90º M 1,5MM VERMELHO;M;118664.0;12.280000000000001;0.0;0.09;0.0;0.0;214.13
2366;CABO ELETRICO IMPERIUM (TERCEIROS);CABO ELET FLEX HEPR IMPERIUM 1 KV 90º M 2,5MM AMARELO;M;1.846e+16;0.02;0.0;0.01;0.0;0.0;301.33
2367;CABO ELETRICO IMPERIUM (TERCEIROS);CABO ELET FLEX HEPR IMPERIUM 1 KV 90º M 2,5MM AZUL;M;1.846e+16;0.02;0.0;0.01;0.0;0.0;301.33
2368;CABO ELETRICO IMPERIUM (TERCEIROS);CABO ELET FLEX HEPR IMPERIUM 1 KV 90º M 2,5MM VERDE;M;1.846e+16;0.02;0.0;0.01;0.0;0.0;301.33
2369;CABO ELETRICO IMPERIUM (TERCEIROS);CABO ELET FLEX HEPR IMPERIUM 1 KV 90º M 2,5MM BRANCO;M;1.846e+16;0.02;0.0;0.01;0.0;0.0;301.33
2380;CABO ELETRICO IMPERIUM (TERCEIROS);CABO ELET FLEX HEPR IMPERIUM 1 KV 90º M 6MM PRETO 1 x 6MM;M;0.0;0.0;0.0;0.0;0.0;0.0;0.0
2381;CABO ELETRICO IMPERIUM (TERCEIROS);CABO ELET FLEX HEPR IMPERIUM 1 KV 90º M 6MM VERMELHO 1 x 6MM;M;0.0;0.0;0.0;0.0;0.0;0.0;0.0
2382;CABO ELETRICO IMPERIUM (TERCEIROS);CABO ELET FLEX HEPR IMPERIUM 1 KV 90º M 6MM AMARELO 1 x 6MM;M;0.0;0.0;0.0;0.0;0.0;0.0;0.0
2383;CABO ELETRICO IMPERIUM (TERCEIROS);CABO ELET FLEX HEPR IMPERIUM 1 KV 90º M 6MM AZUL 1 x 6MM;M;0.0;0.0;0.0;0.0;0.0;0.0;0.0
2390;CABO ELETRICO IMPERIUM (TERCEIROS);CABO ELET FLEX HEPR IMPERIUM 1KV 90º M 10MM VERDE 1 x 10MM;M;0.0;0.0;0.0;0.0;0.0;0.0;0.0
2391;CABO ELETRICO IMPERIUM (TERCEIROS);CABO ELET FLEX HEPR IMPERIUM 1KV 90º M 10MM BRANCO 1 x 10MM;M;0.0;0.0;0.0;0.0;0.0;0.0;0.0
2392;CABO ELETRICO IMPERIUM (TERCEIROS);CABO ELET FLEX HEPR IMPERIUM 1KV 90º M 16MM;M;107196.0;1.19;0.0;1.83;0.0;0.0;1653.33
2393;CABO ELETRICO IMPERIUM (TERCEIROS);CABO ELET FLEX HEPR IMPERIUM 1KV 90º M 16MM PRETO 1 x 16MM;M;0.0;0.0;0.0;0.0;0.0;0.0;0.0
2400;CABO ELETRICO IMPERIUM (TERCEIROS);CABO ELET FLEX HEPR IMPERIUM 1KV 90º M 25MM VERMELHO 1 x 25MM;M;0.0;0.0;0.0;0.0;0.0;0.0;0.0
2401;CABO ELETRICO IMPERIUM (TERCEIROS);CABO ELET FLEX HEPR IMPERIUM 1KV 90º M 25MM AMARELO 1 x 25MM;M;0.0;0.0;0.0;0.0;0.0;0.0;0.0
2402;CABO ELETRICO IMPERIUM (TERCEIROS);CABO ELET FLEX HEPR IMPERIUM 1KV 90º M 25MM AZUL 1 x 25MM;M;0.0;0.0;0.0;0.0;0.0;0.0;0.0
2403;CABO ELETRICO IMPERIUM (TERCEIROS);CABO ELET FLEX HEPR IMPERIUM 1KV 90º M 25MM VERDE 1 x 25MM;M;0.0;0.0;0.0;0.0;0.0;0.0;0.0
2410;CABO ELETRICO IMPERIUM (TERCEIROS);CABO ELET FLEX HEPR IMPERIUM 1KV 90º M 35MM BRANCO 1 x 35MM;M;0.0;0.0;0.0;0.0;0.0;0.0;0.0
2412;CABO ELETRICO IMPERIUM (TERCEIROS);CABO ELET FLEX HEPR IMPERIUM 1KV 90º M 50MM PRETO 1X 50 MM;M;0.0;0.0;0.0;0.0;0.0;0.0;0.0
2413;CABO ELETRICO IMPERIUM (TERCEIROS);CABO ELET FLEX HEPR IMPERIUM 1KV 90º M 50MM VERMELHO 1 x 50MM;M;0.0;0.0;0.0;0.0;0.0;0.0;0.0
2414;CABO ELETRICO IMPERIUM (TERCEIROS);CABO ELET FLEX HEPR IMPERIUM 1KV 90º M 50MM AMARELO 1 x 50MM;M;0.0;0.0;0.0;0.0;0.0;0.0;0.0
2422;CABO ELETRICO IMPERIUM (TERCEIROS);CABO ELET FLEX HEPR IMPERIUM 1 KV 90º M 95MM AMARELO 1 x 95MM;M;0.0;0.0;0.0;0.0;0.0;0.0;0.0
2423;CABO ELETRICO IMPERIUM (TERCEIROS);CABO ELET FLEX HEPR IMPERIUM 1 KV 90º M 95MM AZUL 1 x 95MM;M;0.0;0.0;0.0;0.0;0.0;0.0;0.0
2424;CABO ELETRICO IMPERIUM (TERCEIROS);CABO ELET FLEX HEPR IMPERIUM 1 KV 90º M 95MM VERDE 1 x 95MM;M;0.0;0.0;0.0;0.0;0.0;0.0;0.0
2425;CABO ELETRICO IMPERIUM (TERCEIROS);CABO ELET FLEX HEPR IMPERIUM 1 KV 90º M 95MM BRANCO 1 x 95MM;M;0.0;0.0;0.0;0.0;0.0;0.0;0.0
2433;CABO ELETRICO IMPERIUM (TERCEIROS);CABO ELET FLEX HEPR IMPERIUM 1KV 90º M 150MM PRETO 1x 150MM;M;0.0;0.0;0.0;0.0;0.0;0.0;0.0
2434;CABO ELETRICO IMPERIUM (TERCEIROS);CABO ELET FLEX HEPR IMPERIUM 1KV 90º M 150MM VERMELHO 1x 150MM;M;0.0;0.0;0.0;0.0;0.0;0.0;0.0
2435;CABO ELETRICO IMPERIUM (TERCEIROS);CABO ELET FLEX HEPR IMPERIUM 1KV 90º M 150MM AMARELO 1x 150MM;M;0.0;0.0;0.0;0.0;0.0;0.0;0.0
2436;CABO ELETRICO IMPERIUM (TERCEIROS);CABO ELET FLEX HEPR IMPERIUM 1KV 90º M 150MM AZUL 1x 150MM;M;0.0;0.0;0.0;0.0;0.0;0.0;0.0
2443;CABO ELETRICO IMPERIUM (TERCEIROS);CABO ELET FLEX HEPR IMPERIUM 1KV 90º M 300MM VERDE 1x 300MM;M;0.0;0.0;0.0;0.0;0.0;0.0;0.0
2444;CABO ELETRICO IMPERIUM (TERCEIROS);CABO ELET FLEX HEPR IMPERIUM 1KV 90º M 300MM BRANCO 1x 300MM;M;0.0;0.0;0.0;0.0;0.0;0.0;0.0
2490;CABO ELETRICO IMPERIUM (TERCEIROS);CABO ELET FLEX HEPR IMPERIUM 1KV 90º M 70MM PRETO 1 x 70MM;M;0.0;0.0;0.0;0.0;0.0;0.0;0.0
2491;CABO ELETRICO IMPERIUM (TERCEIROS);CABO ELET FLEX HEPR IMPERIUM 1KV 90º M 70MM VERMELHO 1 x 70MM;M;0.0;0.0;0.0;0.0;0.0;0.0;0.0
2561;CABO ELETRICO IMPERIUM (TERCEIROS);CABO ELET FLEX HEPR IMPERIUM 1KV 90º M 240MM VERMELHO;M;146381.0;16.45;0.0;0.54;0.0;0.0;21851.33
2562;CABO ELETRICO IMPERIUM (TERCEIROS);CABO ELET FLEX HEPR IMPERIUM 1KV 90º M 240MM AMARELO;M;146381.0;16.45;0.0;0.54;0.0;0.0;21851.33
2563;CABO ELETRICO IMPERIUM (TERCEIROS);CABO ELET FLEX HEPR IMPERIUM 1KV 90º M 240MM AZUL;M;146381.0;16.45;0.0;0.54;0.0;0.0;21851.33
2564;CABO ELETRICO IMPERIUM (TERCEIROS);CABO ELET FLEX HEPR IMPERIUM 1KV 90º M 240MM VERDE;M;146381.0;16.45;0.0;0.54;0.0;0.0;21851.33
2608;CABO ELETRICO IMPERIUM (TERCEIROS);CABO ELET FLEX HEPR IMPERIUM 1 KV 90º M 185MM BRANCO;M;115197.0;1.3;0.0;0.4;0.0;0.0;17001.33
2747;CABO ELETRICO IMPERIUM (TERCEIROS);CABO ELET FLEX HEPR IMPERIUM 1KV 90º M 16MM MARROM 1 x 16MM;M;0.0;0.0;0.0;0.0;0.0;0.0;0.0
2748;CABO ELETRICO IMPERIUM (TERCEIROS);CABO ELET FLEX HEPR IMPERIUM 1KV 90º M 25MM MARROM 1 x 25MM;M;0.0;0.0;0.0;0.0;0.0;0.0;0.0
2819;CABO ELETRICO IMPERIUM (TERCEIROS);CABO ELET FLEX HEPR IMPERIUM 1 KV 90º M 120MM PRETO 1x 120MM;M;0.0;0.0;0.0;0.0;0.0;0.0;0.0
2828;CABO ELETRICO IMPERIUM (TERCEIROS);CABO ELET FLEX HEPR IMPERIUM 1KV 90º M 120MM MARROM 1x 120MM;M;0.0;0.0;0.0;0.0;0.0;0.0;0.0
2829;CABO ELETRICO IMPERIUM (TERCEIROS);CABO ELET FLEX HEPR IMPERIUM 1KV 90º M 300MM MARROM 1x 300MM;M;0.0;0.0;0.0;0.0;0.0;0.0;0.0
2970;CABO ELETRICO IMPERIUM (TERCEIROS);CABO ELET FLEX HEPR IMPERIUM 1KV 90º M 1,5MM CINZA 1 x 1,5MM;M;0.0;0.0;0.0;0.0;0.0;0.0;0.0
2971;CABO ELETRICO IMPERIUM (TERCEIROS);CABO ELET FLEX HEPR IMPERIUM 1KV 90º M 1,5MM MARROM 1 x 1,5MM;M;0.0;0.0;0.0;0.0;0.0;0.0;0.0
2338;CABO ELETRICO IMPERIUM (TERCEIROS);CABO FLEX IMPERIUM 750V M 6MM AMARELO 6,0MM;M;4399896.0;0.48;0.0;22.36;0.0;0.0;704.9300000000001
2339;CABO ELETRICO IMPERIUM (TERCEIROS);CABO FLEX IMPERIUM 750V M 6MM AZUL 6,0MM;M;4399896.0;0.48;0.0;22.36;0.0;0.0;704.9300000000001
2340;CABO ELETRICO IMPERIUM (TERCEIROS);CABO FLEX IMPERIUM 750V M 6MM VERDE 6,0MM;M;4399896.0;0.48;0.0;22.36;0.0;0.0;704.9300000000001
2341;CABO ELETRICO IMPERIUM (TERCEIROS);CABO FLEX IMPERIUM 750V M 6MM BRANCO 6,0MM;M;4399896.0;0.48;0.0;22.36;0.0;0.0;704.9300000000001
2342;CABO ELETRICO IMPERIUM (TERCEIROS);CABO FLEX IMPERIUM 750V M 6MM MARROM 6,0MM;M;4399896.0;0.48;0.0;22.36;0.0;0.0;704.9300000000001
2997;CABO ELETRICO IMPERIUM (TERCEIROS);CABO ELETRICO FLEX ATOX IMPERIUM 450/750V PRETO 6,0MM;M;0.0;0.0;0.0;0.0;0.0;0.0;0.0
2915;CABO ELETRICO IMPERIUM (TERCEIROS);CABO FLEX IMPERIUM 750V AZUL 120,0MM;M;0.0;0.0;0.0;0.0;0.0;0.0;0.0
2916;CABO ELETRICO IMPERIUM (TERCEIROS);CABO FLEX IMPERIUM 750V VERDE 120,0MM;M;0.0;0.0;0.0;0.0;0.0;0.0;0.0
2917;CABO ELETRICO IMPERIUM (TERCEIROS);CABO FLEX IMPERIUM 750V BRANCO 120,0MM;M;0.0;0.0;0.0;0.0;0.0;0.0;0.0
2918;CABO ELETRICO IMPERIUM (TERCEIROS);CABO FLEX IMPERIUM 750V MARROM 120,0MM;M;0.0;0.0;0.0;0.0;0.0;0.0;0.0
2837;CABO ELETRICO IMPERIUM (TERCEIROS);CABO ATOX HEPR FLEX 1KV 90° IMPERIUM;M;0.0;0.0;0.0;0.0;0.0;0.0;0.0
2839;CABO ELETRICO IMPERIUM (TERCEIROS);CABO ATOX HEPR FLEX 1KV 90° IMPERIUM PRETO 1 X 10 MM;M;0.0;0.0;0.0;0.0;0.0;0.0;0.0
2348;CABO ELETRICO IMPERIUM (TERCEIROS);CABO FLEX IMPERIUM 750V 10MM BRANCO 10,0MM;RL;707472.0;78.0;0.0;329.0;0.0;0.0;1.11033e+16
2349;CABO ELETRICO IMPERIUM (TERCEIROS);CABO FLEX IMPERIUM 750V 10MM CINZA 10,0MM;RL;707472.0;78.0;0.0;329.0;0.0;0.0;1.11033e+16
2593;CABO ELETRICO IMPERIUM (TERCEIROS);CABO FLEX IMPERIUM 750V 35MM VERMELHO 35MM;M;2156595.0;24.22;0.0;2.97;0.0;0.0;322433000000000.06
2594;CABO ELETRICO IMPERIUM (TERCEIROS);CABO FLEX IMPERIUM 750V 35MM AMARELO 35MM;M;2156595.0;24.22;0.0;2.97;0.0;0.0;322433000000000.06
2595;CABO ELETRICO IMPERIUM (TERCEIROS);CABO FLEX IMPERIUM 750V 35MM AZUL 35MM;M;2156595.0;24.22;0.0;2.97;0.0;0.0;322433000000000.06
2596;CABO ELETRICO IMPERIUM (TERCEIROS);CABO FLEX IMPERIUM 750V 35MM VERDE 35MM;M;2156595.0;24.22;0.0;2.97;0.0;0.0;322433000000000.06
3023;CABO ELETRICO IMPERIUM (TERCEIROS);CABO ELETRICO FLEX ATOX 450/750V VERDE 10,0MM;M;0.0;0.0;0.0;0.0;0.0;0.0;0.0
3024;CABO ELETRICO IMPERIUM (TERCEIROS);CABO ELETRICO FLEX ATOX 450/750V BRANCO 10,0MM;M;0.0;0.0;0.0;0.0;0.0;0.0;0.0
2497;CABO ELETRICO IMPERIUM (TERCEIROS);CABO FLEX IMPERIUM 750V 16MM PRETO 16MM;M;107196.0;1.19;0.0;1.83;0.0;0.0;1653.33
2498;CABO ELETRICO IMPERIUM (TERCEIROS);CABO FLEX IMPERIUM 750V 16MM VERMELHO 16MM;M;107196.0;1.19;0.0;1.83;0.0;0.0;1653.33
2499;CABO ELETRICO IMPERIUM (TERCEIROS);CABO FLEX IMPERIUM 750V 16MM AMARELO 16MM;M;107196.0;1.19;0.0;1.83;0.0;0.0;1653.33
2500;CABO ELETRICO IMPERIUM (TERCEIROS);CABO FLEX IMPERIUM 750V 16MM AZUL 16MM;M;107196.0;1.19;0.0;1.83;0.0;0.0;1653.33
2324;CABO ELETRICO IMPERIUM (TERCEIROS);CABO FLEX IMPERIUM 750V M 2,5MM AMARELO 2,5MM;M;1.846e+16;0.02;0.0;0.01;0.0;0.0;301.33
2325;CABO ELETRICO IMPERIUM (TERCEIROS);CABO FLEX IMPERIUM 750V M 2,5MM AZUL 2,5MM;M;1.846e+16;0.02;0.0;0.01;0.0;0.0;301.33
2326;CABO ELETRICO IMPERIUM (TERCEIROS);CABO FLEX IMPERIUM 750V M 2,5MM VERDE 2,5MM;M;1.846e+16;0.02;0.0;0.01;0.0;0.0;301.33
2327;CABO ELETRICO IMPERIUM (TERCEIROS);CABO FLEX IMPERIUM 750V M 2,5MM BRANCO 2,5MM;M;1.846e+16;0.02;0.0;0.01;0.0;0.0;301.33
2328;CABO ELETRICO IMPERIUM (TERCEIROS);CABO FLEX IMPERIUM 750V M 2,5MM CINZA 2,5MM;M;1.846e+16;0.02;0.0;0.01;0.0;0.0;301.33
2988;CABO ELETRICO IMPERIUM (TERCEIROS);CABO ELETRICO FLEX ATOX 2,5MM IMPERIUM 450/750V AZUL 2,5MM;M;1.846e+16;0.02;0.0;0.01;0.0;0.0;301.33
2330;CABO ELETRICO IMPERIUM (TERCEIROS);CABO FLEX IMPERIUM 750V M 4MM VERMELHO 4,0MM;M;2.912453999999999e+16;31.26;0.0;17.09;0.0;0.0;484.83
2331;CABO ELETRICO IMPERIUM (TERCEIROS);CABO FLEX IMPERIUM 750V M 4MM AMARELO 4,0MM;M;2.912453999999999e+16;31.26;0.0;17.09;0.0;0.0;484.83
2332;CABO ELETRICO IMPERIUM (TERCEIROS);CABO FLEX IMPERIUM 750V M 4MM AZUL 4,0MM;M;2.912453999999999e+16;31.26;0.0;17.09;0.0;0.0;484.83
2333;CABO ELETRICO IMPERIUM (TERCEIROS);CABO FLEX IMPERIUM 750V M 4MM VERDE 4,0MM;M;2.912453999999999e+16;31.26;0.0;17.09;0.0;0.0;484.83
2334;CABO ELETRICO IMPERIUM (TERCEIROS);CABO FLEX IMPERIUM 750V M 4MM BRANCO 4,0MM;M;2.912453999999999e+16;31.26;0.0;17.09;0.0;0.0;484.83
2335;CABO ELETRICO IMPERIUM (TERCEIROS);CABO FLEX IMPERIUM 750V M 4MM CINZA 4,0MM;M;2.912453999999999e+16;31.26;0.0;17.09;0.0;0.0;484.83
S007B;CABO ELETRICO LINHA1 (MAXFIO);CABO SOLAR ATOX FLEX 1,8KV 4,0MM PRETO METRO (BOBINA);M;0.0;0.0;0.0;0.0;0.0;0.0;0.0
S008B;CABO ELETRICO LINHA1 (MAXFIO);CABO SOLAR ATOX FLEX 1,8KV 4,0MM VERMELHO METRO (BOBINA);M;0.0;0.0;0.0;0.0;0.0;0.0;0.0
S009;CABO ELETRICO LINHA1 (MAXFIO);CABO SOLAR ATOX FLEX 1,0KV 2,5MM PRETO 100M;RL;1846.0;2.0;0.0;1.0;0.0;0.0;30133.0
S010;CABO ELETRICO LINHA1 (MAXFIO);CABO SOLAR ATOX FLEX 1,0KV 2,5MM VERMELHO 100M;RL;1846.0;2.0;0.0;1.0;0.0;0.0;30133.0
S011;CABO ELETRICO LINHA1 (MAXFIO);CABO SOLAR ATOX FLEX 1,0KV 2,5MM VERDE 100M;RL;1846.0;2.0;0.0;1.0;0.0;0.0;30133.0
S005;CABO ELETRICO LINHA1 (MAXFIO);CABO SOLAR ATOX FLEX 1,8KV 6,0MM VERMELHO 100M;RL;0.0;0.0;0.0;0.0;0.0;0.0;0.0
S005B;CABO ELETRICO LINHA1 (MAXFIO);CABO SOLAR ATOX FLEX 1,8KV 6,0MM VERMELHO METRO (BOBINA);M;0.0;0.0;0.0;0.0;0.0;0.0;0.0
S006B;CABO ELETRICO LINHA1 (MAXFIO);CABO SOLAR ATOX FLEX 1,8KV 6,0MM PRETO METRO (BOBINA);M;0.0;0.0;0.0;0.0;0.0;0.0;0.0
2975;CABO ELETRICO LINHA1 (MAXFIO);CABO ELETRICO FLEX ATOX 6,0MM VERMELHO 450/750V IMPERIUM METRO (BOBINA);M;0.0;0.0;0.0;0.0;0.0;0.0;0.0
2976;CABO ELETRICO LINHA1 (MAXFIO);CABO ELETRICO FLEX ATOX 6,0MM VERDE 450/750V IMPERIUM METRO (BOBINA);M;0.0;0.0;0.0;0.0;0.0;0.0;0.0
2977;CABO ELETRICO LINHA1 (MAXFIO);CABO ELETRICO FLEX ATOX 6,0MM AZUL 450/750V IMPERIUM METRO (BOBINA);M;0.0;0.0;0.0;0.0;0.0;0.0;0.0
2973;CABO ELETRICO LINHA1 (MAXFIO);CABO ELETRICO FLEX ATOX 10,0MM VERMELHO 450/750V IMPERIUM METRO (BOBINA);M;0.0;0.0;0.0;0.0;0.0;0.0;0.0
S006;CABO ELETRICO LINHA1 (MAXFIO);CABO SOLAR ATOX FLEX 1,8KV 6,0MM PRETO 100M;RL;0.0;0.0;0.0;0.0;0.0;0.0;0.0
2974;CABO ELETRICO LINHA1 (MAXFIO);CABO ELETRICO FLEX ATOX 6,0MM PRETO 450/750V IMPERIUM METRO (BOBINA);M;0.0;0.0;0.0;0.0;0.0;0.0;0.0
PP015B;CABO ELETRICO LINHA2 (VOLTMASTER);CABO DE CONTROLE 2X6,0MM PRETO VOLTMASTER METRO;M;0.0;6.16;0.0;16.34;0.0;0.0;265.23
PP016B;CABO ELETRICO LINHA2 (VOLTMASTER);CABO DE CONTROLE 5X1,5MM PRETO VOLTMASTER METRO;M;0.0;0.0;0.0;0.0;0.0;0.0;0.0
PP014B;CABO ELETRICO LINHA2 (VOLTMASTER);CABO DE CONTROLE 3X1,5MM PRETO VOLTMASTER METRO;M;3405.0;0.34;0.0;0.07;0.0;0.0;1.04
PP014;CABO ELETRICO LINHA2 (VOLTMASTER);CABO DE CONTROLE 3X1,5MM PRETO VOLTMASTER 100M;RL;3405.0;34.0;0.0;7.0;0.0;0.0;104.0
PP030B;CABO ELETRICO LINHA2 (VOLTMASTER);CABO DE CONTROLE 3X1,0MM PRETO VOLTMASTER METRO;M;1.8642e+16;179999999999999.97;0.0;3.96;0.0;0.0;5.76
PP012;CABO ELETRICO LINHA2 (VOLTMASTER);CABO DE CONTROLE 3X2,5MM PRETO VOLTMASTER 100M;RL;0.0;396.0;0.0;1277.0;0.0;0.0;22753.0
PP029B;CABO ELETRICO LINHA2 (VOLTMASTER);CABO DE CONTROLE 4X1,0MM PRETO VOLTMASTER METRO;M;0.0;0.0;0.0;0.0;0.0;0.0;0.0
PP007;CABO ELETRICO LINHA2 (VOLTMASTER);CABO ELETRICO PP 4X1,5MM PRETO ALFA** 100M;RL;0.0;0.0;0.0;0.0;0.0;0.0;0.0
PP016;CABO ELETRICO LINHA2 (VOLTMASTER);CABO DE CONTROLE 5X1,5MM PRETO VOLTMASTER 100M;RL;0.0;0.0;0.0;0.0;0.0;0.0;0.0
PP017;CABO ELETRICO LINHA2 (VOLTMASTER);CABO DE CONTROLE 5X1,0MM PRETO VOLTMASTER 100M;RL;0.0;0.0;0.0;0.0;0.0;0.0;0.0
PP017B;CABO ELETRICO LINHA2 (VOLTMASTER);CABO DE CONTROLE 5X1,0MM PRETO VOLTMASTER 100M;M;0.0;0.0;0.0;0.0;0.0;0.0;0.0
PP023B;CABO ELETRICO LINHA2 (VOLTMASTER);CABO DE CONTROLE 4X1,5MM PRETO VOLTMASTER METRO;M;0.0;0.0;0.0;0.0;0.0;0.0;0.0
F177;CABO ELETRICO LINHA2 (VOLTMASTER);CABO ELETRICO FLEXIVEL 0,75MM AZUL VOLTMASTER 100M;RL;69562.0;614.0;0.0;1.0;0.0;0.0;16273.0
F178;CABO ELETRICO LINHA2 (VOLTMASTER);CABO ELETRICO FLEXIVEL 0,75MM MARROM VOLTMASTER 100M;RL;69562.0;614.0;0.0;1.0;0.0;0.0;16273.0
F251;CABO ELETRICO LINHA2 (VOLTMASTER);CABO ELETRICO FLEXIVEL 0,75MM VERMELHO VOLTMASTER 100M;RL;69562.0;614.0;0.0;1.0;0.0;0.0;16273.0
F074;CABO ELETRICO LINHA2 (VOLTMASTER);CABO ELETRICO FLEXIVEL 1,5MM VERMELHO VOLTMASTER NBR 9117 100M;RL;1.18664e+16;1228.0;0.0;9.0;0.0;0.0;21413.0
F075;CABO ELETRICO LINHA2 (VOLTMASTER);CABO ELETRICO FLEXIVEL 1,5MM AMARELO VOLTMASTER NBR 9117 100M;RL;1.18664e+16;1228.0;0.0;9.0;0.0;0.0;21413.0
F076;CABO ELETRICO LINHA2 (VOLTMASTER);CABO ELETRICO FLEXIVEL 1,5MM AZUL VOLTMASTER NBR 9117 100M;RL;1.18664e+16;1228.0;0.0;9.0;0.0;0.0;21413.0
F078;CABO ELETRICO LINHA2 (VOLTMASTER);CABO ELETRICO FLEXIVEL 1,5MM BRANCO VOLTMASTER NBR 9117 100M;RL;1.18664e+16;1228.0;0.0;9.0;0.0;0.0;21413.0
F078B;CABO ELETRICO LINHA2 (VOLTMASTER);CABO ELETRICO FLEXIVEL 1,5MM BRANCO VOLTMASTER NBR 9117 METRO (BOBINA);M;118664.0;12.280000000000001;0.0;0.09;0.0;0.0;214.13
F134B;CABO ELETRICO LINHA2 (VOLTMASTER);CABO ELETRICO FLEXIVEL 1,5MM CINZA VOLTMASTER METRO (BOBINA);M;118664.0;12.280000000000001;0.0;0.09;0.0;0.0;214.13
F097;CABO ELETRICO LINHA2 (VOLTMASTER);CABO ELETRICO FLEXIVEL 10,0MM PRETO VOLTMASTER NBR 9117 100M;RL;0.0;0.0;0.0;0.0;0.0;0.0;0.0
F102;CABO ELETRICO LINHA2 (VOLTMASTER);CABO ELETRICO FLEXIVEL 10,0MM BRANCO VOLTMASTER NBR 9117 100M;RL;0.0;0.0;0.0;0.0;0.0;0.0;0.0
F098;CABO ELETRICO LINHA2 (VOLTMASTER);CABO ELETRICO FLEXIVEL 10,0MM VERMELHO VOLTMASTER NBR 9117 100M;RL;0.0;0.0;0.0;0.0;0.0;0.0;0.0
F099;CABO ELETRICO LINHA2 (VOLTMASTER);CABO ELETRICO FLEXIVEL 10,0MM AMARELO VOLTMASTER NBR 9117 100M;RL;0.0;0.0;0.0;0.0;0.0;0.0;0.0
F099B;CABO ELETRICO LINHA2 (VOLTMASTER);CABO ELETRICO FLEXIVEL 10,0MM AMARELO VOLTMASTER NBR 9117 METRO (BOBINA);M;0.0;0.0;0.0;0.0;0.0;0.0;0.0
F100B;CABO ELETRICO LINHA2 (VOLTMASTER);CABO ELETRICO FLEXIVEL 10,0MM AZUL VOLTMASTER NBR 9117 METRO (BOBINA);M;0.0;0.0;0.0;0.0;0.0;0.0;0.0
F138;CABO ELETRICO LINHA2 (VOLTMASTER);CABO ELETRICO FLEXIVEL 10,0MM CINZA VOLTMASTER 100M;RL;0.0;0.0;0.0;0.0;0.0;0.0;0.0
F138B;CABO ELETRICO LINHA2 (VOLTMASTER);CABO ELETRICO FLEXIVEL 10,0MM CINZA VOLTMASTER METRO (BOBINA);M;0.0;0.0;0.0;0.0;0.0;0.0;0.0
FTESTE;CABO ELETRICO LINHA2 (VOLTMASTER);CABO ELETRICO FLEXIVEL 10,0MM AZUL ALFA 100M;RL;0.0;0.0;0.0;0.0;0.0;0.0;0.0
F243;CABO ELETRICO LINHA2 (VOLTMASTER);CABO ELETRICO FLEXIVEL 10,0MM AMARELO VOLTMASTER N120 NBR 9117 100M;RL;0.0;0.0;0.0;0.0;0.0;0.0;0.0
1879;CABO ELETRICO LINHA2 (VOLTMASTER);CABO ELETRICO FLEXIVEL 10,0MM CINZA ALFA 100M;RL;0.0;0.0;0.0;0.0;0.0;0.0;0.0
F145;CABO ELETRICO LINHA2 (VOLTMASTER);CABO ELETRICO FLEXIVEL 16,0MM PRETO VOLTMASTER NBR 9117 100M;RL;0.0;0.0;0.0;0.0;0.0;0.0;0.0
F145B;CABO ELETRICO LINHA2 (VOLTMASTER);CABO ELETRICO FLEXIVEL 16,0MM PRETO VOLTMASTER NBR 9117 METRO [BOBINA];M;0.0;0.0;0.0;0.0;0.0;0.0;0.0
F148;CABO ELETRICO LINHA2 (VOLTMASTER);CABO ELETRICO FLEXIVEL 16,0MM AZUL VOLTMASTER NBR 9117 100M;RL;0.0;0.0;0.0;0.0;0.0;0.0;0.0
F083;CABO ELETRICO LINHA2 (VOLTMASTER);CABO ELETRICO FLEXIVEL 2,5MM VERDE VOLTMASTER NBR 9117 100M;RL;1846.0;2.0;0.0;1.0;0.0;0.0;30133.0
F079;CABO ELETRICO LINHA2 (VOLTMASTER);CABO ELETRICO FLEXIVEL 2,5MM PRETO VOLTMASTER NBR 9117 100M;RL;1846.0;2.0;0.0;1.0;0.0;0.0;30133.0
F080;CABO ELETRICO LINHA2 (VOLTMASTER);CABO ELETRICO FLEXIVEL 2,5MM VERMELHO VOLTMASTER NBR 9117 100M;RL;1846.0;2.0;0.0;1.0;0.0;0.0;30133.0
F081;CABO ELETRICO LINHA2 (VOLTMASTER);CABO ELETRICO FLEXIVEL 2,5MM AMARELO VOLTMASTER NBR 9117 100M;RL;1846.0;2.0;0.0;1.0;0.0;0.0;30133.0
F082;CABO ELETRICO LINHA2 (VOLTMASTER);CABO ELETRICO FLEXIVEL 2,5MM AZUL VOLTMASTER NBR 9117 100M;RL;1846.0;2.0;0.0;1.0;0.0;0.0;30133.0
F135;CABO ELETRICO LINHA2 (VOLTMASTER);CABO ELETRICO FLEXIVEL 2,5MM CINZA VOLTMASTER NBR 9117 100M;RL;1846.0;2.0;0.0;1.0;0.0;0.0;30133.0
F135B;CABO ELETRICO LINHA2 (VOLTMASTER);CABO ELETRICO FLEXIVEL 2,5MM CINZA VOLTMASTER NBR 9117 METRO (BOBINA);M;1.846e+16;0.02;0.0;0.01;0.0;0.0;301.33
F186;CABO ELETRICO LINHA2 (VOLTMASTER);CABO ELETRICO FLEXIVEL 2,5MM MARROM VOLTMASTER 100M;RL;1846.0;2.0;0.0;1.0;0.0;0.0;30133.0
F186B;CABO ELETRICO LINHA2 (VOLTMASTER);CABO ELETRICO FLEXIVEL 2,5MM MARROM VOLTMASTER 100M BOBINA;M;1.846e+16;0.02;0.0;0.01;0.0;0.0;301.33
F163;CABO ELETRICO LINHA2 (VOLTMASTER);CABO ELETRICO FLEXIVEL 25,0MM PRETO VOLTMASTER NBR 9117 100M;RL;0.0;0.0;0.0;0.0;0.0;0.0;0.0
F050;CABO ELETRICO LINHA2 (VOLTMASTER);CABO ELETRICO FLEXIVEL 35,0MM AZUL VOLTMASTER NBR 9117 100M;RL;0.0;0.0;0.0;0.0;0.0;0.0;0.0
F090;CABO ELETRICO LINHA2 (VOLTMASTER);CABO ELETRICO FLEXIVEL 4,0MM BRANCO VOLTMASTER NBR 9117 100M;RL;0.0;0.0;0.0;0.0;0.0;0.0;0.0
F085;CABO ELETRICO LINHA2 (VOLTMASTER);CABO ELETRICO FLEXIVEL 4,0MM PRETO VOLTMASTER NBR 9117 100M;RL;0.0;0.0;0.0;0.0;0.0;0.0;0.0
F086;CABO ELETRICO LINHA2 (VOLTMASTER);CABO ELETRICO FLEXIVEL 4,0MM VERMELHO VOLTMASTER 100M;RL;0.0;0.0;0.0;0.0;0.0;0.0;0.0
F087;CABO ELETRICO LINHA2 (VOLTMASTER);CABO ELETRICO FLEXIVEL 4,0MM AMARELO VOLTMASTER NBR 9117 100M;RL;0.0;0.0;0.0;0.0;0.0;0.0;0.0
F087B;CABO ELETRICO LINHA2 (VOLTMASTER);CABO ELETRICO FLEXIVEL 4,0MM AMARELO VOLTMASTER NBR 9117 METRO (BOBINA);M;0.0;0.0;0.0;0.0;0.0;0.0;0.0
F088B;CABO ELETRICO LINHA2 (VOLTMASTER);CABO ELETRICO FLEXIVEL 4,0MM AZUL VOLTMASTER NBR 9117 METRO (BOBINA);M;0.0;0.0;0.0;0.0;0.0;0.0;0.0
F136;CABO ELETRICO LINHA2 (VOLTMASTER);CABO ELETRICO FLEXIVEL 4,0MM CINZA VOLTMASTER 100M;RL;0.0;0.0;0.0;0.0;0.0;0.0;0.0
F136B;CABO ELETRICO LINHA2 (VOLTMASTER);CABO ELETRICO FLEXIVEL 4,0MM CINZA VOLTMASTER METRO (BOBINA);M;0.0;0.0;0.0;0.0;0.0;0.0;0.0
F165;CABO ELETRICO LINHA2 (VOLTMASTER);CABO ELETRICO FLEXIVEL 50,0MM PRETO ALFA 100M;RL;0.0;0.0;0.0;0.0;0.0;0.0;0.0
F095B;CABO ELETRICO LINHA2 (VOLTMASTER);CABO ELETRICO FLEXIVEL 6,0MM VERDE VOLTMASTER NBR 9117 METRO (BOBINA);M;0.0;0.0;0.0;0.0;0.0;0.0;0.0
F091B;CABO ELETRICO LINHA2 (VOLTMASTER);CABO ELETRICO FLEXIVEL 6,0MM PRETO VOLTMASTER NBR 9117 METRO (BOBINA);M;0.0;0.0;0.0;0.0;0.0;0.0;0.0
F092B;CABO ELETRICO LINHA2 (VOLTMASTER);CABO ELETRICO FLEXIVEL 6,0MM VERMELHO VOLTMASTER NBR 9117 METRO (BOBINA);M;0.0;0.0;0.0;0.0;0.0;0.0;0.0
F093B;CABO ELETRICO LINHA2 (VOLTMASTER);CABO ELETRICO FLEXIVEL 6,0MM AMARELO VOLTMASTER NBR 9117 METRO (BOBINA);M;0.0;0.0;0.0;0.0;0.0;0.0;0.0
F094B;CABO ELETRICO LINHA2 (VOLTMASTER);CABO ELETRICO FLEXIVEL 6,0MM AZUL VOLTMASTER NBR 9117 METRO (BOBINA);M;0.0;0.0;0.0;0.0;0.0;0.0;0.0
PL015;CABO ELETRICO LINHA2 (VOLTMASTER);CORDAO PARALELO POLARIZADO 2X0,75MM BRANCO VOLTMASTER 100M;RL;0.0;0.0;0.0;0.0;0.0;0.0;0.0
PL015B;CABO ELETRICO LINHA2 (VOLTMASTER);CORDAO PARALELO POLARIZADO 2X0,75MM BRANCO VOLTMASTER METRO;M;0.0;0.0;0.0;0.0;0.0;0.0;0.0
PL017;CABO ELETRICO LINHA2 (VOLTMASTER);CORDAO PARALELO POLARIZADO 2X0,75MM PRETO VOLTMASTER 100M;RL;0.0;0.0;0.0;0.0;0.0;0.0;0.0
PL017B;CABO ELETRICO LINHA2 (VOLTMASTER);CORDAO PARALELO POLARIZADO 2X0,75MM PRETO VOLTMASTER METRO;M;0.0;0.0;0.0;0.0;0.0;0.0;0.0
PL020;CABO ELETRICO LINHA2 (VOLTMASTER);CORDAO PARALELO POLARIZADO 2X0,75MM MARROM VOLTMASTER 100M;RL;0.0;0.0;0.0;0.0;0.0;0.0;0.0
PL021B;CABO ELETRICO LINHA2 (VOLTMASTER);CORDAO PARALELO POLARIZADO 2X1,0MM MARROM VOLTMASTER METRO;M;0.0;0.0;0.0;0.0;0.0;0.0;0.0
PP020;CABO ELETRICO LINHA2 (VOLTMASTER);CABO DE CONTROLE 2X0,50MM PRETO VOLTMASTER# 100M;RL;0.0;0.0;0.0;0.0;0.0;0.0;0.0
PP021;CABO ELETRICO LINHA2 (VOLTMASTER);CABO DE CONTROLE 4X0,75MM PRETO VOLTMASTER# 100M;RL;0.0;0.0;0.0;0.0;0.0;0.0;0.0
PL004B;CABO ELETRICO LINHA2 (VOLTMASTER);CORDAO PARALELO POLARIZADO 2X1,5MM BRANCO VOLTMASTER METRO [BOBINA];M;0.0;1.54;0.0;8.46;0.0;0.0;110.23
PL004;CABO ELETRICO LINHA2 (VOLTMASTER);CORDAO PARALELO POLARIZADO 2X1,5MM BRANCO VOLTMASTER 100M;RL;0.0;154.0;0.0;846.0;0.0;0.0;11023.0
PL005B;CABO ELETRICO LINHA2 (VOLTMASTER);CORDAO PARALELO POLARIZADO 2X2,5MM BRANCO VOLTMASTER METRO [BOBINA];M;0.0;2.64;0.0;99.62;0.0;0.0;146.25
PL005;CABO ELETRICO LINHA2 (VOLTMASTER);CORDAO PARALELO POLARIZADO 2X2,5MM BRANCO VOLTMASTER 100M;RL;0.0;264.0;0.0;9962.0;0.0;0.0;14625.0
PL011;CABO ELETRICO LINHA2 (VOLTMASTER);CORDAO PARALELO POLARIZADO 2X2,5MM MARROM VOLTMASTER 100M;RL;0.0;264.0;0.0;9962.0;0.0;0.0;14625.0
PL011B;CABO ELETRICO LINHA2 (VOLTMASTER);CORDAO PARALELO POLARIZADO 2X2,5MM MARROM VOLTMASTER METRO [BOBINA];M;0.0;2.64;0.0;99.62;0.0;0.0;146.25
PL014;CABO ELETRICO LINHA2 (VOLTMASTER);CORDAO PARALELO POLARIZADO 2X2,5MM PRETO VOLTMASTER 100M;RL;0.0;264.0;0.0;9962.0;0.0;0.0;14625.0
PL012B;CABO ELETRICO LINHA2 (VOLTMASTER);CORDAO PARALELO POLARIZADO 2X4,0MM MARROM VOLTMASTER METRO [BOBINA];M;5.737999999999999e+16;0.06;0.0;0.9500000000000001;0.0;0.0;1.55
PL019;CABO ELETRICO LINHA2 (VOLTMASTER);CORDAO PARALELO POLARIZADO 2X4,0MM PRETO VOLTMASTER 100M;RL;5738.0;6.0;0.0;95.0;0.0;0.0;155.0
PL030;CABO ELETRICO LINHA2 (VOLTMASTER);CORDAO PARALELO POLARIZADO 2X4,0MM PRETO VOLTMASTER 100M;RL;5738.0;6.0;0.0;95.0;0.0;0.0;155.0
PL030B;CABO ELETRICO LINHA2 (VOLTMASTER);CORDAO PARALELO POLARIZADO 2X4,0MM PRETO VOLTMASTER METRO [BOBINA];M;5.737999999999999e+16;0.06;0.0;0.9500000000000001;0.0;0.0;1.55
PL019B;CABO ELETRICO LINHA2 (VOLTMASTER);CORDAO PARALELO POLARIZADO 2X4,0MM PRETO VOLTMASTER METRO BOBINA;RL;5.737999999999999e+16;0.06;0.0;0.9500000000000001;0.0;0.0;1.55
PP011;CABO ELETRICO LINHA2 (VOLTMASTER);CABO DE CONTROLE 2X2,5MM PRETO VOLTMASTER 100M;RL;0.0;264.0;0.0;9962.0;0.0;0.0;14625.0
PP011B;CABO ELETRICO LINHA2 (VOLTMASTER);CABO DE CONTROLE 2X2,5MM PRETO VOLTMASTER METRO;M;0.0;2.64;0.0;99.62;0.0;0.0;146.25
PP013;CABO ELETRICO LINHA2 (VOLTMASTER);CABO DE CONTROLE 2X4,0MM PRETO VOLTMASTER 100M;RL;5738.0;6.0;0.0;95.0;0.0;0.0;155.0
PP013B;CABO ELETRICO LINHA2 (VOLTMASTER);CABO DE CONTROLE 2X4,0MM PRETO VOLTMASTER METRO;M;5.737999999999999e+16;0.06;0.0;0.9500000000000001;0.0;0.0;1.55
PP015;CABO ELETRICO LINHA2 (VOLTMASTER);CABO DE CONTROLE 2X6,0MM PRETO VOLTMASTER 100M;RL;0.0;616.0;0.0;1634.0;0.0;0.0;26523.0
PP012B;CABO ELETRICO LINHA2 (VOLTMASTER);CABO DE CONTROLE 3X2,5MM PRETO VOLTMASTER METRO;M;0.0;3.96;0.0;12.77;0.0;0.0;227.53
PP009;CABO ELETRICO LINHA2 (VOLTMASTER);CABO ELETRICO PP 3X4,0MM PRETO VOLTMASTER 100M;RL;0.0;0.0;0.0;0.0;0.0;0.0;0.0
PP009B;CABO ELETRICO LINHA2 (VOLTMASTER);CABO DE CONTROLE 3X4,0MM PRETO VOLTMASTER METRO (BOBINA);M;0.0;0.0;0.0;0.0;0.0;0.0;0.0
PP032B;CABO ELETRICO LINHA2 (VOLTMASTER);CABO DE CONTROLE 3X6,0MM PRETO VOLTMASTER METRO (BOBINA);M;0.0;0.0;0.0;0.0;0.0;0.0;0.0
PP021B;CABO ELETRICO LINHA2 (VOLTMASTER);CABO DE CONTROLE 4X0,75MM PRETO VOLTMASTER METRO (BOBINA);M;0.0;0.0;0.0;0.0;0.0;0.0;0.0
PP042B;CABO ELETRICO LINHA2 (VOLTMASTER);CABO DE CONTROLE 5X2,5MM PRETO VOLTMASTER METRO;M;0.0;0.0;0.0;0.0;0.0;0.0;0.0
PP033B;CABO ELETRICO LINHA2 (VOLTMASTER);CABO DE CONTROLE 4X4,0MM PRETO VOLTMASTER METRO;M;0.0;0.0;0.0;0.0;0.0;0.0;0.0
PP053B;CABO ELETRICO LINHA2 (VOLTMASTER);CABO DE CONTROLE 4X6,0MM PRETO VOLTMASTER METRO;M;0.0;0.0;0.0;0.0;0.0;0.0;0.0
F252;CABO ELETRICO LINHA2 (VOLTMASTER);CABO ELETRICO FLEXIVEL 0,75MM AMARELO VOLTMASTER 100M;RL;69562.0;614.0;0.0;1.0;0.0;0.0;16273.0
F253;CABO ELETRICO LINHA2 (VOLTMASTER);CABO ELETRICO FLEXIVEL 0,75MM PRETO VOLTMASTER 100M;RL;69562.0;614.0;0.0;1.0;0.0;0.0;16273.0
F252B;CABO ELETRICO LINHA2 (VOLTMASTER);CABO ELETRICO FLEXIVEL 0,75MM AMARELO VOLTMASTER (BOBINA);M;69562.0;6.140000000000001;0.0;0.01;0.0;0.0;162.73
F260B;CABO ELETRICO LINHA2 (VOLTMASTER);CABO ELETRICO FLEXIVEL 1,0MM PRETO VOLTMASTER N120 NBR 9117 METRO (BOBINA);M;0.0;0.0;0.0;0.0;0.0;0.0;0.0
F077;CABO ELETRICO LINHA2 (VOLTMASTER);CABO ELETRICO FLEXIVEL 1,5MM VERDE VOLTMASTER NBR 9117 100M;RL;1.18664e+16;1228.0;0.0;9.0;0.0;0.0;21413.0
F073;CABO ELETRICO LINHA2 (VOLTMASTER);CABO ELETRICO FLEXIVEL 1,5MM PRETO VOLTMASTER NBR 9117 100M;RL;1.18664e+16;1228.0;0.0;9.0;0.0;0.0;21413.0
F077B;CABO ELETRICO LINHA2 (VOLTMASTER);CABO ELETRICO FLEXIVEL 1,5MM VERDE VOLTMASTER NBR 9117 METRO (BOBINA);M;118664.0;12.280000000000001;0.0;0.09;0.0;0.0;214.13
F076B;CABO ELETRICO LINHA2 (VOLTMASTER);CABO ELETRICO FLEXIVEL 1,5MM AZUL VOLTMASTER NBR 9117 METRO (BOBINA);M;118664.0;12.280000000000001;0.0;0.09;0.0;0.0;214.13
F073B;CABO ELETRICO LINHA2 (VOLTMASTER);CABO ELETRICO FLEXIVEL 1,5MM PRETO VOLTMASTER NBR 9117 METRO (BOBINA);M;118664.0;12.280000000000001;0.0;0.09;0.0;0.0;214.13
F074B;CABO ELETRICO LINHA2 (VOLTMASTER);CABO ELETRICO FLEXIVEL 1,5MM VERMELHO VOLTMASTER NBR 9117 METRO (BOBINA);M;118664.0;12.280000000000001;0.0;0.09;0.0;0.0;214.13
F075B;CABO ELETRICO LINHA2 (VOLTMASTER);CABO ELETRICO FLEXIVEL 1,5MM AMARELO VOLTMASTER NBR 9117 METRO (BOBINA);M;118664.0;12.280000000000001;0.0;0.09;0.0;0.0;214.13
F134;CABO ELETRICO LINHA2 (VOLTMASTER);CABO ELETRICO FLEXIVEL 1,5MM CINZA VOLTMASTER 100M;RL;1.18664e+16;1228.0;0.0;9.0;0.0;0.0;21413.0
F100;CABO ELETRICO LINHA2 (VOLTMASTER);CABO ELETRICO FLEXIVEL 10,0MM AZUL VOLTMASTER NBR 9117 100M;RL;0.0;0.0;0.0;0.0;0.0;0.0;0.0
F101;CABO ELETRICO LINHA2 (VOLTMASTER);CABO ELETRICO FLEXIVEL 10,0MM VERDE VOLTMASTER NBR 9117 100M;RL;0.0;0.0;0.0;0.0;0.0;0.0;0.0
F102B;CABO ELETRICO LINHA2 (VOLTMASTER);CABO ELETRICO FLEXIVEL 10,0MM BRANCO VOLTMASTER NBR 9117 METRO (BOBINA);M;0.0;0.0;0.0;0.0;0.0;0.0;0.0
F101B;CABO ELETRICO LINHA2 (VOLTMASTER);CABO ELETRICO FLEXIVEL 10,0MM VERDE VOLTMASTER NBR 9117 METRO (BOBINA);M;0.0;0.0;0.0;0.0;0.0;0.0;0.0
F097B;CABO ELETRICO LINHA2 (VOLTMASTER);CABO ELETRICO FLEXIVEL 10,0MM PRETO VOLTMASTER NBR 9117 METRO (BOBINA);M;0.0;0.0;0.0;0.0;0.0;0.0;0.0
F098B;CABO ELETRICO LINHA2 (VOLTMASTER);CABO ELETRICO FLEXIVEL 10,0MM VERMELHO VOLTMASTER NBR 9117 METRO (BOBINA);M;0.0;0.0;0.0;0.0;0.0;0.0;0.0
F220;CABO ELETRICO LINHA2 (VOLTMASTER);CABO ELETRICO FLEXIVEL 10,0MM MARROM VOLTMASTER NBR 9117 100M;RL;0.0;0.0;0.0;0.0;0.0;0.0;0.0
F238;CABO ELETRICO LINHA2 (VOLTMASTER);CABO ELETRICO FLEXIVEL 10,0MM AZUL VOLTMASTER N120 NBR 9117 100M;RL;0.0;0.0;0.0;0.0;0.0;0.0;0.0
F239;CABO ELETRICO LINHA2 (VOLTMASTER);CABO ELETRICO FLEXIVEL 10,0MM VERDE VOLTMASTER N120 NBR 9117 100M;RL;0.0;0.0;0.0;0.0;0.0;0.0;0.0
F240;CABO ELETRICO LINHA2 (VOLTMASTER);CABO ELETRICO FLEXIVEL 10,0MM VERMELHO VOLTMASTER N120 NBR 9117 100M;RL;0.0;0.0;0.0;0.0;0.0;0.0;0.0
F241;CABO ELETRICO LINHA2 (VOLTMASTER);CABO ELETRICO FLEXIVEL 10,0MM BRANCO VOLTMASTER N120 NBR 9117 100M;RL;0.0;0.0;0.0;0.0;0.0;0.0;0.0
F242;CABO ELETRICO LINHA2 (VOLTMASTER);CABO ELETRICO FLEXIVEL 10,0MM PRETO VOLTMASTER N120 NBR 9117 100M;RL;0.0;0.0;0.0;0.0;0.0;0.0;0.0
F148B;CABO ELETRICO LINHA2 (VOLTMASTER);CABO ELETRICO FLEXIVEL 16,0MM AZUL VOLTMASTER NBR 9117 METRO [BOBINA];M;0.0;0.0;0.0;0.0;0.0;0.0;0.0
F162;CABO ELETRICO LINHA2 (VOLTMASTER);CABO ELETRICO FLEXIVEL 16,0MM VERMELHO VOLTMASTER NBR 9117 100M;RL;0.0;0.0;0.0;0.0;0.0;0.0;0.0
F162B;CABO ELETRICO LINHA2 (VOLTMASTER);CABO ELETRICO FLEXIVEL 16,0MM VERMELHO VOLTMASTER NBR 9117 METRO [BOBINA];M;0.0;0.0;0.0;0.0;0.0;0.0;0.0
F144;CABO ELETRICO LINHA2 (VOLTMASTER);CABO ELETRICO FLEXIVEL 16,0MM VERDE VOLTMASTER NBR 9117 100M;RL;0.0;0.0;0.0;0.0;0.0;0.0;0.0
F144B;CABO ELETRICO LINHA2 (VOLTMASTER);CABO ELETRICO FLEXIVEL 16,0MM VERDE VOLTMASTER NBR 9117 METRO [BOBINA];M;0.0;0.0;0.0;0.0;0.0;0.0;0.0
F084;CABO ELETRICO LINHA2 (VOLTMASTER);CABO ELETRICO FLEXIVEL 2,5MM BRANCO VOLTMASTER NBR 9117 100M;RL;1846.0;2.0;0.0;1.0;0.0;0.0;30133.0
F083B;CABO ELETRICO LINHA2 (VOLTMASTER);CABO ELETRICO FLEXIVEL 2,5MM VERDE VOLTMASTER NBR 9117 METRO (BOBINA);M;1.846e+16;0.02;0.0;0.01;0.0;0.0;301.33
F079B;CABO ELETRICO LINHA2 (VOLTMASTER);CABO ELETRICO FLEXIVEL 2,5MM PRETO VOLTMASTER NBR 9117 METRO (BOBINA);M;1.846e+16;0.02;0.0;0.01;0.0;0.0;301.33
F080B;CABO ELETRICO LINHA2 (VOLTMASTER);CABO ELETRICO FLEXIVEL 2,5MM VERMELHO VOLTMASTER NBR 9117 METRO (BOBINA);M;1.846e+16;0.02;0.0;0.01;0.0;0.0;301.33
F081B;CABO ELETRICO LINHA2 (VOLTMASTER);CABO ELETRICO FLEXIVEL 2,5MM AMARELO VOLTMASTER NBR 9117 METRO (BOBINA);M;1.846e+16;0.02;0.0;0.01;0.0;0.0;301.33
F082B;CABO ELETRICO LINHA2 (VOLTMASTER);CABO ELETRICO FLEXIVEL 2,5MM AZUL VOLTMASTER NBR 9117 METRO (BOBINA);M;1.846e+16;0.02;0.0;0.01;0.0;0.0;301.33
F084B;CABO ELETRICO LINHA2 (VOLTMASTER);CABO ELETRICO FLEXIVEL 2,5MM BRANCO VOLTMASTER NBR 9117 METRO (BOBINA);M;1.846e+16;0.02;0.0;0.01;0.0;0.0;301.33
F040;CABO ELETRICO LINHA2 (VOLTMASTER);CABO ELETRICO FLEXIVEL 25,0MM AZUL VOLTMASTER NBR 9117 100M;RL;0.0;0.0;0.0;0.0;0.0;0.0;0.0
F039;CABO ELETRICO LINHA2 (VOLTMASTER);CABO ELETRICO FLEXIVEL 25,0MM VERMELHO VOLTMASTER NBR 9117 100M;RL;0.0;0.0;0.0;0.0;0.0;0.0;0.0
F163B;CABO ELETRICO LINHA2 (VOLTMASTER);CABO ELETRICO FLEXIVEL 25,0MM PRETO VOLTMASTER NBR 9117 METRO (BOBINA);M;0.0;0.0;0.0;0.0;0.0;0.0;0.0
F039B;CABO ELETRICO LINHA2 (VOLTMASTER);CABO ELETRICO FLEXIVEL 25,0MM VERMELHO VOLTMASTER NBR 9117 METRO (BOBINA);M;0.0;0.0;0.0;0.0;0.0;0.0;0.0
F164;CABO ELETRICO LINHA2 (VOLTMASTER);CABO ELETRICO FLEXIVEL 35,0MM PRETO VOLTMASTER NBR 9117 100M;RL;0.0;0.0;0.0;0.0;0.0;0.0;0.0
F049;CABO ELETRICO LINHA2 (VOLTMASTER);CABO ELETRICO FLEXIVEL 35,0MM VERMELHO VOLTMASTER NBR 9117 100M;RL;0.0;0.0;0.0;0.0;0.0;0.0;0.0
F088;CABO ELETRICO LINHA2 (VOLTMASTER);CABO ELETRICO FLEXIVEL 4,0MM AZUL VOLTMASTER NBR 9117 100M;RL;0.0;0.0;0.0;0.0;0.0;0.0;0.0
F089;CABO ELETRICO LINHA2 (VOLTMASTER);CABO ELETRICO FLEXIVEL 4,0MM VERDE VOLTMASTER NBR 9117 100M;RL;0.0;0.0;0.0;0.0;0.0;0.0;0.0
F090B;CABO ELETRICO LINHA2 (VOLTMASTER);CABO ELETRICO FLEXIVEL 4,0MM BRANCO VOLTMASTER NBR 9117 METRO (BOBINA);M;0.0;0.0;0.0;0.0;0.0;0.0;0.0
F089B;CABO ELETRICO LINHA2 (VOLTMASTER);CABO ELETRICO FLEXIVEL 4,0MM VERDE VOLTMASTER NBR 9117 METRO (BOBINA);M;0.0;0.0;0.0;0.0;0.0;0.0;0.0
F085B;CABO ELETRICO LINHA2 (VOLTMASTER);CABO ELETRICO FLEXIVEL 4,0MM PRETO VOLTMASTER NBR 9117 METRO (BOBINA);M;0.0;0.0;0.0;0.0;0.0;0.0;0.0
F086B;CABO ELETRICO LINHA2 (VOLTMASTER);CABO ELETRICO FLEXIVEL 4,0MM VERMELHO VOLTMASTER METRO (BOBINA);M;0.0;0.0;0.0;0.0;0.0;0.0;0.0
F091;CABO ELETRICO LINHA2 (VOLTMASTER);CABO ELETRICO FLEXIVEL 6,0MM PRETO VOLTMASTER NBR 9117 100M;RL;0.0;0.0;0.0;0.0;0.0;0.0;0.0
F092;CABO ELETRICO LINHA2 (VOLTMASTER);CABO ELETRICO FLEXIVEL 6,0MM VERMELHO VOLTMASTER NBR 9117 100M;RL;0.0;0.0;0.0;0.0;0.0;0.0;0.0
F093;CABO ELETRICO LINHA2 (VOLTMASTER);CABO ELETRICO FLEXIVEL 6,0MM AMARELO VOLTMASTER NBR 9117 100M;RL;0.0;0.0;0.0;0.0;0.0;0.0;0.0
F094;CABO ELETRICO LINHA2 (VOLTMASTER);CABO ELETRICO FLEXIVEL 6,0MM AZUL VOLTMASTER NBR 9117 100M;RL;0.0;0.0;0.0;0.0;0.0;0.0;0.0
F095;CABO ELETRICO LINHA2 (VOLTMASTER);CABO ELETRICO FLEXIVEL 6,0MM VERDE VOLTMASTER NBR 9117 100M;RL;0.0;0.0;0.0;0.0;0.0;0.0;0.0
F096;CABO ELETRICO LINHA2 (VOLTMASTER);CABO ELETRICO FLEXIVEL 6,0MM BRANCO VOLTMASTER NBR 9117 100M;RL;0.0;0.0;0.0;0.0;0.0;0.0;0.0
F096B;CABO ELETRICO LINHA2 (VOLTMASTER);CABO ELETRICO FLEXIVEL 6,0MM BRANCO VOLTMASTER NBR 9117 METRO (BOBINA);M;0.0;0.0;0.0;0.0;0.0;0.0;0.0
F137;CABO ELETRICO LINHA2 (VOLTMASTER);CABO ELETRICO FLEXIVEL 6,0MM CINZA VOLTMASTER 100M;RL;0.0;0.0;0.0;0.0;0.0;0.0;0.0
F137B;CABO ELETRICO LINHA2 (VOLTMASTER);CABO ELETRICO FLEXIVEL 6,0MM CINZA VOLTMASTER METRO (BOBINA);M;0.0;0.0;0.0;0.0;0.0;0.0;0.0
PL023;CABO ELETRICO LINHA2 (VOLTMASTER);CORDAO PARALELO POLARIZADO 2X0,50MM MARROM VOLTMASTER 100M;RL;0.0;0.0;0.0;0.0;0.0;0.0;0.0
PL024;CABO ELETRICO LINHA2 (VOLTMASTER);CORDAO PARALELO POLARIZADO 2X0,50MM BRANCO VOLTMASTER 100M;RL;0.0;0.0;0.0;0.0;0.0;0.0;0.0
PL032;CABO ELETRICO LINHA2 (VOLTMASTER);CORDAO PARALELO POLARIZADO 2X0,50MM PRETO VOLTMASTER 100M;RL;0.0;0.0;0.0;0.0;0.0;0.0;0.0
PL020B;CABO ELETRICO LINHA2 (VOLTMASTER);CORDAO PARALELO POLARIZADO 2X0,75MM MARROM VOLTMASTER METRO;M;0.0;0.0;0.0;0.0;0.0;0.0;0.0
PL016;CABO ELETRICO LINHA2 (VOLTMASTER);CORDAO PARALELO POLARIZADO 2X1,0MM BRANCO VOLTMASTER 100M;RL;0.0;0.0;0.0;0.0;0.0;0.0;0.0
PL016B;CABO ELETRICO LINHA2 (VOLTMASTER);CORDAO PARALELO POLARIZADO 2X1,0MM BRANCO VOLTMASTER METRO;M;0.0;0.0;0.0;0.0;0.0;0.0;0.0
PL018;CABO ELETRICO LINHA2 (VOLTMASTER);CORDAO PARALELO POLARIZADO 2X1,0MM PRETO VOLTMASTER 100M;RL;0.0;0.0;0.0;0.0;0.0;0.0;0.0
PL018B;CABO ELETRICO LINHA2 (VOLTMASTER);CORDAO PARALELO POLARIZADO 2X1,0MM PRETO VOLTMASTER METRO;M;0.0;0.0;0.0;0.0;0.0;0.0;0.0
PL021;CABO ELETRICO LINHA2 (VOLTMASTER);CORDAO PARALELO POLARIZADO 2X1,0MM MARROM VOLTMASTER 100M;RL;0.0;0.0;0.0;0.0;0.0;0.0;0.0
PL010;CABO ELETRICO LINHA2 (VOLTMASTER);CORDAO PARALELO POLARIZADO 2X1,5MM MARROM VOLTMASTER 100M;RL;0.0;154.0;0.0;846.0;0.0;0.0;11023.0
PL010B;CABO ELETRICO LINHA2 (VOLTMASTER);CORDAO PARALELO POLARIZADO 2X1,5MM MARROM VOLTMASTER METRO [BOBINA];M;0.0;1.54;0.0;8.46;0.0;0.0;110.23
PL013;CABO ELETRICO LINHA2 (VOLTMASTER);CORDAO PARALELO POLARIZADO 2X1,5MM PRETO VOLTMASTER 100M;RL;0.0;154.0;0.0;846.0;0.0;0.0;11023.0
PL010*;CABO ELETRICO LINHA2 (VOLTMASTER);CORDAO PARALELO POLARIZADO 2X1,5MM MARROM VOLTMASTER 100M;RL;0.0;154.0;0.0;846.0;0.0;0.0;11023.0
PL013*;CABO ELETRICO LINHA2 (VOLTMASTER);CORDAO PARALELO POLARIZADO 2X1,5MM PRETO VOLTMASTER 100M;RL;0.0;154.0;0.0;846.0;0.0;0.0;11023.0
PL013B;CABO ELETRICO LINHA2 (VOLTMASTER);CORDAO PARALELO POLARIZADO 2X1,5MM PRETO VOLTMASTER METRO [BOBINA];M;0.0;1.54;0.0;8.46;0.0;0.0;110.23
PL011*;CABO ELETRICO LINHA2 (VOLTMASTER);CORDAO PARALELO POLARIZADO 2X2,5MM MARROM VOLTMASTER 100M;RL;0.0;264.0;0.0;9962.0;0.0;0.0;14625.0
PL014*;CABO ELETRICO LINHA2 (VOLTMASTER);CORDAO PARALELO POLARIZADO 2X2,5MM PRETO VOLTMASTER 100M;RL;0.0;264.0;0.0;9962.0;0.0;0.0;14625.0
PL014B;CABO ELETRICO LINHA2 (VOLTMASTER);CORDAO PARALELO POLARIZADO 2X2,5MM PRETO VOLTMASTER METRO [BOBINA];M;0.0;2.64;0.0;99.62;0.0;0.0;146.25
PL006B;CABO ELETRICO LINHA2 (VOLTMASTER);CORDAO PARALELO POLARIZADO 2X4,0MM BRANCO VOLTMASTER METRO [BOBINA];M;5.737999999999999e+16;0.06;0.0;0.9500000000000001;0.0;0.0;1.55
PL006;CABO ELETRICO LINHA2 (VOLTMASTER);CORDAO PARALELO POLARIZADO 2X4,0MM BRANCO VOLTMASTER 100M;RL;5738.0;6.0;0.0;95.0;0.0;0.0;155.0
PL012;CABO ELETRICO LINHA2 (VOLTMASTER);CORDAO PARALELO POLARIZADO 2X4,0MM MARROM VOLTMASTER 100M;RL;5738.0;6.0;0.0;95.0;0.0;0.0;155.0
PP010;CABO ELETRICO LINHA2 (VOLTMASTER);CABO DE CONTROLE 2X1,5MM PRETO VOLTMASTER 100M;RL;0.0;154.0;0.0;846.0;0.0;0.0;11023.0
PP010B;CABO ELETRICO LINHA2 (VOLTMASTER);CABO DE CONTROLE 2X1,5MM PRETO VOLTMASTER METRO;M;0.0;1.54;0.0;8.46;0.0;0.0;110.23
PP020B;CABO ELETRICO LINHA2 (VOLTMASTER);CABO DE CONTROLE 2X0,50MM PRETO VOLTMASTER METRO (BOBINA);M;0.0;0.0;0.0;0.0;0.0;0.0;0.0
PP022B;CABO ELETRICO LINHA2 (VOLTMASTER);CABO DE CONTROLE 2X1,0MM PRETO VOLTMASTER METRO;M;0.0;0.0;0.0;0.0;0.0;0.0;0.0
PP024B;CABO ELETRICO LINHA2 (VOLTMASTER);CABO DE CONTROLE 4X2,5MM PRETO VOLTMASTER METRO;M;0.0;0.0;0.0;0.0;0.0;0.0;0.0
PP061B;CABO ELETRICO LINHA2 (VOLTMASTER);CABO DE CONTROLE 2X0,75MM PRETO VOLTMASTER METRO;M;0.0;0.0;0.0;0.0;0.0;0.0;0.0
R007;CABOS RÍGIDOS (SÓLIDOS);CABO ELETRICO RIGIDO (SOLIDO) 1,5MM ALFA** 100M;RL;1.18664e+16;1228.0;0.0;9.0;0.0;0.0;21413.0
R006M;CABOS RÍGIDOS (SÓLIDOS);CABO ELETRICO RIGIDO (SOLIDO) 10,0MM BRANCO ALFA** METRO;M;0.0;0.0;0.0;0.0;0.0;0.0;0.0
R002;CABOS RÍGIDOS (SÓLIDOS);CABO ELETRICO RIGIDO (SOLIDO) 10,0MM VERMELHO ALFA**100M;RL;0.0;0.0;0.0;0.0;0.0;0.0;0.0
R001;CABOS RÍGIDOS (SÓLIDOS);CABO ELETRICO RIGIDO (SOLIDO) 10,0MM PRETO ALFA** 100M;RL;0.0;0.0;0.0;0.0;0.0;0.0;0.0
R008;CABOS RÍGIDOS (SÓLIDOS);CABO ELETRICO RIGIDO (SOLIDO) 2,5MM ALFA** 100M;RL;1846.0;2.0;0.0;1.0;0.0;0.0;30133.0
R009;CABOS RÍGIDOS (SÓLIDOS);CABO ELETRICO RIGIDO (SOLIDO) 4,0MM ALFA** 100M;RL;0.0;0.0;0.0;0.0;0.0;0.0;0.0
R003M;CABOS RÍGIDOS (SÓLIDOS);CABO ELETRICO RIGIDO (SOLIDO) 10,0MM AMARELO ALFA** METRO;M;0.0;0.0;0.0;0.0;0.0;0.0;0.0
R003;CABOS RÍGIDOS (SÓLIDOS);CABO ELETRICO RIGIDO (SOLIDO) 10,0MM AMARELO ALFA** 100M;RL;0.0;0.0;0.0;0.0;0.0;0.0;0.0
R005;CABOS RÍGIDOS (SÓLIDOS);CABO ELETRICO RIGIDO (SOLIDO) 10,0MM AZUL VOLTMASTER** 100M;RL;0.0;0.0;0.0;0.0;0.0;0.0;0.0
R006;CABOS RÍGIDOS (SÓLIDOS);CABO ELETRICO RIGIDO (SOLIDO) 10,0MM BRANCO ALFA** 100M;RL;0.0;0.0;0.0;0.0;0.0;0.0;0.0
R010;CABOS RÍGIDOS (SÓLIDOS);CABO ELETRICO RIGIDO (SOLIDO) 6,0MM ALFA** 100M;RL;0.0;0.0;0.0;0.0;0.0;0.0;0.0
